Customer No.,Company,Address,Address 2,City,State,Sub Type,Bookings YTD,Previous Years Bookings
3PP001,3 Phase Power Systems Inc.,1323 Kelliher Road,,Prince George,BC,2. TARGET (OUTSIDE),0,0
3PP003,3 Phase Power Systems Inc.,#7 - 7551 Vantage Way,,Delta,BC,,0,0
3PP004,3 Phase Power Systems Inc.  (H/O),7168 Honeyman St.,,Delta,BC,,0,0
FOQ001,4th Quadrant Solutions Inc.,107 Coverdale Way N.E.,,Calgary,AB,5. QUALIFIED LOW,0,0
ASI0014,Aarcomm Systems Inc.,106-18 Fawcett Road,,Coquitlam,BC,,0,0
EM4006470,ABB Ber Mac,250 - 42nd Avenue SE,,Calgary,AB,3. GOOD PROSPECT,0,0
CT4000930,ABB Inc.,9800 Endeavor Drive SE,,Calgary,AB,3. GOOD PROSPECT,0,0
ACA005,ACAMP,1919 - 94th Street NW,,Edmonton,AB,,0,0
ACA006,Acamp,1480 - 28th Street NE,Bay 3,Calgary,AB,3. GOOD PROSPECT,0,0
ACC0024,Acceleware Ltd.,435 - 10th Avenue SE,,Calgary,AB,2. TARGET (OUTSIDE),0,0
APG001,Accurate Power Group,#107 - 1089 East Kent Ave. N,,Vancouver,BC,3. GOOD PROSPECT,0,2896.56
AFG002,ACR Fuller Group,511 - 12th Avenue,,Nisku,AB,,0,0
EM4008978,ACR Systems Inc.,15110 - 54A Ave.,Unit 201,Surrey,BC,6. NEW PROSPECT,0,0
ASL001,Acutec Systems Ltd.,109 Main St.,PO Box 217,Lampman,SK,3. GOOD PROSPECT,0,0
ACE004,Acutech Electric,7 Skyline Crescent,,Calgary,AB,3. GOOD PROSPECT,0,0
ADC003,"Advanced Cyclotron Systems, Inc.",7851 Alderbridge Way,,Richmond,BC,,140.62,718.56
AFS004,Advanced Flow Systems Inc.,PO Box 709,Stn Whonnock,Maple Ridge,BC,5. QUALIFIED LOW,0,0
ASI001,Advanced Systems Integrators Ltd.,9002 - 161 St.,,Surrey,BC,5. QUALIFIED LOW,0,0
AII0010,Advent Instruments Inc.,111 - 1515 Broadway St.,,Port Coquitlam,BC,,0,0
AIS0015,AEC Industrial Solutions,102 - 243 Clearview Drive,,Red Deer County,AB,TOP 50 - ZOWSLEY,0,22259.52
AAS004,Aerocorp Avionic Solutions Inc.,125 - 4950 McCall Way NE,,Calgary,AB,,0,0
TOM100287,Agricultural Technology Centre,ARC Eng'g Serv. Branch,3020 College Dr. South,Lethbridge,AB,3. GOOD PROSPECT,0,0
SAF003,AI Radar,1795 Powell Street,Suite 300,Vancouver,BC,,0,2897
RT57658,Aircom Instrumentation Ltd,9328 - 37 Avenue,,Edmonton,AB,6. NEW PROSPECT,0,4863.38
AKS001,Aker Solutions,6835 Railway Street S.E.,Suite #300,Calgary,AB,3. GOOD PROSPECT,0,0
AGN001,AKVA Group North America Inc  (H/O),"#400 - 1481, 16th Ave.",,Campbell River,BC,2. TARGET (OUTSIDE),0,0
BP172806,Alberta Envirofuels Inc.,PO Bag 2424,Att'n: Accounts Payable,Edmonton,AB,ZZ TOP-100 (INSIDE),0,0
EM4011438,Alberta Industrial Controls & Drives Inc.,9720 - 47 Avenue,,Edmonton,AB,3. GOOD PROSPECT,0,7084.93
AMI0023,Alberta Machine Intelligence Institute,"#1101, 10065 Jasper Avenue",,Edmonton,AB,,0,0
AMP003,Alberta Mobile Power Systems,"#103, 3906 - 71 Avenue",,Leduc,AB,,0,0
AOT001,Alberta Oil Tool,9530 60th Avenue,,Edmonton,AB,3. GOOD PROSPECT,0,0
EM4006919,Alberta Power (2000) Ltd.,Sheerness GS - Accounts Payable,PO Box 1540,Hanna,AB,ZZ$EXISTING ACCOUNT$,0,529.45
EM4013550,Alberta Power (2000) Ltd.,PO Box 498,Battle River GS - Accounts Payable,Forestburg,AB,6. NEW PROSPECT,0,2255
ALL006,Alcatel Lucent,2116 - 27th Avenue NE,Suite 341,Calgary,AB,5. QUALIFIED LOW,0,0
ALI0014,All-tek Industrial,6013 53 avenue,,Lloydminster,AB,,0,0
AES0013,Alliance Engineering Serivices,1035 Logan Avenue,,Winnipeg,MB,,0,0
DAV121750,Allied Cathodic Services L.P.,#6 Hwy 39 East,PO Box 1338,Estevan,SK,3. GOOD PROSPECT,0,0
ALC0021,Allteck Line Contractors Inc. (H/O),300 4333 Still Creek Drive,,Burnaby,BC,,0,0
ALC0019,"Allteck Line Contractors, Inc.",310 - 4260 Still Creek Drive,,Burnaby,BC,,0,0
ALC0020,"Allteck Line Contractors, Inc.",16 Collins Road,,Dawson Creek,BC,,0,0
API008,Almita Piling Inc,RR#4 Site 1 Box 8,,Ponoka,AB,,0,0
CT4000975,Alpha Technologies Ltd.,7700 Riverfront Gate,,Burnaby,BC,TOP 50 - ZOWSLEY,0,84572
DAV186823,Alpine Aerotech Ltd,1260 Industrial Drive,,Kelowna,BC,3. GOOD PROSPECT,0,0
DAV288098,AltaGas Operating Partnership,Ethane Extraction Plant,10001 - 29th Avenue,Edmonton,AB,3. GOOD PROSPECT,0,0
APS009,AltaStream Energy Inc.,6475 64th Street,,Delta,BC,3. GOOD PROSPECT,0,0
AIS007,Altec Integrated Solutions Ltd.,"Unit 120, 185 Golden Drive",,Coquitlam,BC,6. NEW PROSPECT,0,0
AOU001,Always On UPS Systems Canada Inc.,"#100, 150 Campion Road",,Kelowna,BC,,0,0
AEC0011,Amaritech Electric & Controls Ltd.,102-243 Clearview Drive,,Red Deer,AB,6. NEW PROSPECT,0,0
EM4014107,Ametek Canada LP,2876 Sunridge Way NE,,Calgary,AB,2. TARGET (OUTSIDE),0,0
AOF002,AML Oceanographic (formerly Applied Microsystems),2071 Malaview Avenue,,Sidney,BC,,0,0
TP4518,Analytic Systems Inc.,8128 River Way,,Delta,BC,,0,0
EM4011702,Andritz Automation,#100 - 13700 International Place,,Richmond,BC,,0,0
ANP001,Angstrom Power Incorporated,#109 - 980 West 1st Street,,North Vancouver,BC,3. GOOD PROSPECT,0,0
AEM005,Anodyne Electronics Manufacturing Corp.,#15 - 1925 Kirschner Road,,Kelowna,BC,2. TARGET (OUTSIDE),0,0
ANC0011,Antec Controls,638 Raleigh Street,,Winnipeg,MB,,0,0
AVS001,Apex Valve services,109-96 Ave,,Grande Prairie,AB,,0,0
TP2178810,Applied Electronics Limited,1225 East Keith Road Unit 5B,,North Vancouver,BC,6. NEW PROSPECT,0,0
AEL007,Armax Electric Ltd.,2924-12 Ave. North,,Lethbridge,AB,,0,0
AAC004,ARP Automation Controls Inc.,"#200, 80042 - 475 Avenue",,High River,AB,,0,1353.36
DAV164770,ATCO Electric Ltd.,5001 - 47th Avenue,PO Box 309,Two Hills,AB,3. GOOD PROSPECT,0,0
EM4008548,ATCO Electric Ltd.,104 Birch Road NE,,Slave Lake,AB,5. QUALIFIED LOW,0,0
CT4000895,ATCO Electric Ltd.                 (H/O),10035-105 Street,PO Box 2426,Edmonton,AB,ZZ$EXISTING ACCOUNT$,0,0
ATI007,ATI Telecom International,324B Keewatin Street,,Winnipeg,MB,,0,0
ATI006,ATI Telecom International,4340 - 97 Street,,Edmonton,AB,,0,0
CT4000985,Atlantis Submarines Int'l Inc.,#200-210 West 6th Avenue,,Vancouver,BC,ZZ$EXISTING ACCOUNT$,665.8,1066.6
ATI0022,ATTAbotics Inc.,7944 10th Street NE,,Calgary,AB,2. TARGET (OUTSIDE),0,2517.48
CT4005512,August Electronics Inc.,1810 Centre Ave. NE,,Calgary,AB,2. TARGET (INSIDE),0,0
AVC002,Avigilon Corporation,Telus/Avigilon Mailroom Main Floor,768 Seymour Street,Vancouver,BC,,0,0
AWW001,Awesense Inc.,66 E 4th Ave.,,Vancouver,BC,,0,0
ATI0012,AWT Technologies Inc,280 Midpark Way SE,Suite 205,Calgary,AB,,0,0
ATI0018,AXYS Technologies Inc.,2035 Mills Road,,Sidney,BC,,0,3177.48
BVO001,B&V Oil & Gas,1313 Brier Park way NW.,,Medicine Hat,AB,,0,0
BAC001,Babcock Canada Inc.,300-3680 Uptown Boulevard,,Victoria,BC,,0,0
BAH002,Baker Hughes Canada Company,BHI AP General PO / RC / CA02,5525 West Boulevard / Box 703,Vancouver,BC,,0,0
BHC005,Baker Hughes Canada Company,3905 - 71 Avenue,,Leduc,AB,TOP 50 - ZOWSLEY,0,55108.03
SYK4016552,Baker Hughes Canada Company,"1020, 903 - 8th Avenue SW",Att'n: Accounts Payable,Calgary,AB,,0,0
BJS001,Baker Hughes Canada Company,4089 - 77th Street,Coiled Tubing Division,Red Deer,AB,4. BRANCH ACCOUNT,0,0
BAH003,Baker Hughes Canada Company,5050 - 47th Street SE,,Calgary,AB,,0,0
BPI003,Baker Hughes Canada Company,4839 - 90 Ave S.E.,,Calgary,AB,ZZ TOP-100 (INSIDE),0,0
EM4013660,Ballard Generation Systems,3751 North Fraser Way,,Burnaby,BC,,0,0
DAV166796,Ballard Power Systems,4343 North Fraser Way,,Burnaby,BC,,0,0
CT4003902,Ballard Power Systems Inc.,9000 Glenlyon Parkway,,Burnaby,BC,2. TARGET (OUTSIDE),0,0
DAV216333,Ballard Transportation Division,#3- 3751 North Fraser Way,,Burnaby,BC,,0,0
JAM001,BC Cancer Research Centre,675 West 10th Avenue,,Vancouver,BC,,0,0
BCH0022,BC Hydro,PO Box 100,5301 Blewett Road,South Slocan,BC,,0,0
BCH0028,BC Hydro,6940 - 14th Avenue,,Burnaby,BC,,0,0
BCH0029,BC Hydro,Non Integrated Area,12326 88th Ave.,Surrey,BC,,0,0
BCH0031,BC Hydro,1833 Gilmore Ave.,,Burnaby,BC,,0,0
CT4004059,BC Hydro,6911 Southpoint Drive / Podium A,,Burnaby,BC,,0,0
DAV239505,BC Hydro,12000 Seven Mile Dam Road,,Trail,BC,3. GOOD PROSPECT,0,0
EM4012271,BC Hydro,10600 Wilson St.,,Mission,BC,3. GOOD PROSPECT,0,0
BCH0032,BC Hydro,12326 88th Ave,,Surrey,BC,,0,4485.81
TOM100038,BC Hydro Accounts Payable,6911 Southpoint Drive,,Burnaby,BC,,0,0
EM4011355,BCIT,#16 9400 128th Street,,Surrey,BC,6. NEW PROSPECT,0,0
BCI004,BCIT - Aerospace,3800 Cessna Drive,,Richmond,BC,3. GOOD PROSPECT,0,0
EM4006483,BCIT - Burnaby Campus,3700 Willingdon Avenue,"Facilities Management, NE Bldg 7-Rm 141",Burnaby,BC,2. TARGET (OUTSIDE),0,4817.4
BOS003,Beacon Oilfield Services,1609 brier Park Rd. N.W.,,Medicine Hat,AB,,0,0
BME002,Ber Mac Electrical Instrumentation,9604 - 41 Avenue,,Edmonton,AB,3. GOOD PROSPECT,0,0
BIE005,Bi-Systems Electric & Controls,6015 53 avenue,,Lloydminster,AB,,0,0
BGI001,Big Green Island Transportation,2422 Carolina Street,,Vancouver,BC,,0,0
BIE006,Bill Tek Electronics,405 Cranberry Way,,Sherwood Park,AB,,0,0
BLS004,Blackbriar Systems,2792 West 15th Avenue,,Vancouver,BC,,0,3360
BSC004,Blackline Safety Corp.,803 - 24 Avenue SE,Suite 100,Calgary,AB,2. TARGET (OUTSIDE),0,5075
ARS002,Blue Falls Manufacturing / Arctic Spas,4549 - 52 Street,Box 560,Thorsby,AB,,0,0
BSE002,Blue Spark Energy Inc.,"Unit 134, 4303 - 26th Street NE",,Calgary,AB,,0,0
BNE002,BNG Engineering,7616 - 73rd Ave.,,Edmonton,AB,,0,0
CT4004686,Boeing Canada Technology,99 Murray Park Rd.,Winnipeg Division,Winnipeg,MB,ZZ TOP-100 (INSIDE),0,0
BWS001,Bonnetts Wireline Services Ltd.,"RR2, Site 33, Box 1",,Grand Prairie,AB,6. NEW PROSPECT,0,0
BOR003,Borets Canada Ltd.,2305 - 8th Street,,Nisku,AB,,0,0
CT4000989,Boundary Electric (1985) Ltd.,PO Box 758,,Grand Forks,BC,2. TARGET (INSIDE),0,0
BRI001,Brandt Industries Canada,P.O Box 317,13th Avenue & Pinkie Road,Regina,SK,TOP 50 - ZOWSLEY,1405.67,54372.2
BIC009,Brandt Industries Canada Ltd.,826 58th Street East,,Saskatoon,SK,,0,421.7
EM4015643,British Columbia Rapid Transit Company Limited,6800 - 14th Avenue,Accounts Payable,Burnaby,BC,2. TARGET (OUTSIDE),0,0
BSA001,Broadcast Systems & Equipment Inc.,"#5, 1305 - 33rd Street NE",,Calgary,AB,3. GOOD PROSPECT,0,0
CJE001,C & J Electric,"309 , 151 East Lake Blvd. NE",,Airdrie,AB,3. GOOD PROSPECT,0,0
CPA001,C & V Portable Accomodations Ltd.,6633-86 Ave. SE,,Calgary,AB,,0,0
CFT002,C FER Technologies,3712 Roper Rd NW,,Edmonton,AB,,0,3497.76
CT4005957,C FER Technologies (1999) Inc.,250 Karl Clark Road,,Edmonton,AB,2. TARGET (OUTSIDE),0,5491.2
CPT001,cactus Pressure Testing,9513-111 St.,,Grande Pairie,AB,,0,0
CAF003,CalFrac,,,Grande Prairie,AB,3. GOOD PROSPECT,0,0
CWS004,Calfrac Well Services Ltd,Canadian Division Head Office & Corporate Headquar,411 - 8 Avenue SW,Calgary,AB,,0,0
CAL0013,CalFrac Well Services Ltd.,1685 Semrau Drive NW,Unit #8,Medicine Hat,AB,3. GOOD PROSPECT,0,0
CWS003,Calfrac Well Services Ltd.,Canadian Technology Center,349 - 25th Street SE,Calgary,AB,,0,0
CT4003108,Calian Advanced Technologies,18 Innovation Blvd.,,Saskatoon,SK,3. GOOD PROSPECT,0,0
CES0012,Calmena Energy Services Drilling Division,6109 46 St,,Leduc,AB,,0,0
CAE009,Calrose Electric,"#3, 4045 - 74 Ave SE",,Calgary,AB,,0,0
CTC007,Cam Tran Co. Ltd.,120 Diamond Avenue,,Spruce Grove,AB,,0,0
CT4002970,Camosun College,3100 Foul Bay Road,A/P Dept.,Victoria,BC,2. TARGET (OUTSIDE),0,0
CT4003199,Campbell Scientific (Canada) Corp.,14532 - 131 Avenue NW,,Edmonton,AB,COMPETITION,0,0
WST14398,Canadian Advanced ESP,5307 - 72A Avenue,,Edmonton,AB,6. NEW PROSPECT,0,1022.04
CT4005884,Canadian Light Source Inc.,University of Saskatchewan,44 Innovation Blvd.,Saskatoon,SK,2. TARGET (OUTSIDE),0,0
CNR004,Canadian Natural Resources Ltd.,2840 76th Ave.,Horizon Cross Dock c/o Transforce,Edmonton,AB,2. TARGET (INSIDE),0,0
DAV132479,Canadian Natural Resources Ltd.,Bag 1003,,Bonnyville,AB,3. GOOD PROSPECT,0,0
CAI004,CARMA Corp.,444 - 5th Avenue SW,Suite 400,Calgary,AB,,0,1672.5
CII0015,CARMA Corp.,10259 - 105 Street NW,,Edmonton,AB,,307.12,7377.35
CII009,CARMA Corp.,3060 Westwood St,locker 436,Port Coquitlam,BC,,0,4355.65
DAV261654,Carmanah Technologies Corp.,250 Bay Street,,Victoria,BC,2. TARGET (INSIDE),0,0
CAM008,Caron Measurement & Controls Ltd.,4209 - 40 Avenue,PO Box 1148,Valleyview,AB,6. NEW PROSPECT,0,7010.64
EM4007082,Carte International Inc.,1995 Logan Avenue,,Winnipeg,MB,TOP 50 - ZOWSLEY,0,187791.05
CCC009,CB City Communications,26 Strathmoor Drive,,Sherwood Park,AB,,0,0
DAV263780,CBVL Robotics,2130 Hartley Ave.,,Coquitlam,BC,2. TARGET (OUTSIDE),0,0
BP1138387,CD Controls Ltd.,532 Nesbitt Drive,,Estevan,SK,3. GOOD PROSPECT,0,0
CEE007,CEL Electrical,"#2 , 4617-41st.",,Camrose,AB,,0,0
DAV62396,Celco Controls Ltd.,78 Hutchings St.,,Winnipeg,MB,2. TARGET (INSIDE),0,0
CEN002,Cenovus Energy Inc.,Christina Lake SAGD Facility,"Upstream Operations, Integrated Oil Division",Christina Lake,AB,,0,398823.06
CEI0021,Cenovus Energy Inc.,2278 Canada Trust Tower,,Calgary,AB,3. GOOD PROSPECT,0,0
EM4006910,Cenovus Energy Inc.                (H/O),225 6 Ave SW,PO Box 766 / Att'n: A/P,Calgary,AB,TOP 50 - ZOWSLEY,18743.48,372269.93
KAI007,Central Aircraft Maintenance,2610 Thayer Avenue,Hangar #7,Saskatoon,SK,,0,0
CEC009,Central Controls & Specialties,1252 Border Street,,Winnipeg,MB,,0,0
EM4008549,Century Electric (1985) Ltd.,"#26, 5555 - 51st Avenue SE",,Calgary,AB,2. TARGET (INSIDE),0,0
CAH001,Charlton and Hill Welding,655 30 St. N,,Lethbridge,AB,,0,0
CEC0010,Clean Energy Consulting Inc,102 - 1558 Quinn St.,,Prince George,BC,,0,0
CES0032,ClearStream Energy Services LP,"201, 4723 - 52 Avenue",,Edmonton,AB,,0,0
CME002,CMN Electrical,18115- 105 Avenue,Suite 101,Edmonton,AB,,0,0
COR006,Coanda Research & Development Corporation (H/O),101 - 5140 North Fraser Way,,Burnaby,BC,,0,0
COT008,College of the Rockies,2700 College Way,Box 8500,Cranbrook,BC,5. QUALIFIED LOW,0,0
CT4000994,Comar Electrical Services Ltd.,#114 - 1515 Broadway St.,,Port Coquitlam,BC,2. TARGET (INSIDE),0,2308.9
CSI0016,Combustion Solutions Inc.,206-39012 Discovery Way,,Squamish,BC,6. NEW PROSPECT,0,0
EM4007141,Comco Manufacturing Ltd.,811A - 58th Street East,,Saskatoon,SK,5. QUALIFIED LOW,0,0
COT0011,Command Technology,3016 19Street NE,Suite 200,Calgary,AB,,0,0
COA001,Condor Aircraft Accessories Inc.,620A McTavish Rd. NE,Hangar #5,Calgary,AB,3. GOOD PROSPECT,0,0
COA008,Connacher Oil and Gas Limited,"Suite 900, 332 - 6 Avenue SW",,Calgary,AB,,0,0
DAV275099,Conoco Phillips Canada,401 - 9th Avenue SW,PO Box 130,Calgary,AB,2. TARGET (INSIDE),0,0
CEC002,Continental Electrical Motor Services Ltd.,"#201, 4015 - 8th Street SE",,Calgary,AB,6. NEW PROSPECT,0,0
DAV122195,Continental Electrical Motor Services Ltd.,8909 - 15 Street NW,,Edmonton,AB,4. BRANCH ACCOUNT,0,0
RDK264312,Control Innovations Inc.,11222 - 42 St. SE,,Calgary,AB,TOP 50 - ZOWSLEY,0,28265.33
CON0012,Control Tech 2011 Ltd.,11001 - 78 Avenue,,Grande Prairie,AB,,0,0
COT0010,Control Techniques,#100 - 6225 - 10th St SE,,Calgary,AB,,0,0
COC0021,Conuma Cable,475 Trumpeter Drive,,Gold River,BC,,0,0
COE0013,Cookshaw Electric,9607-112 st.,,Grande Prairie,AB,,0,0
LCC007,Corcym Canada Corp.,5005 North Fraser Way,,Burnaby,BC,,0,0
CT1145,Corrpro Canada Inc.,10848-214 Street,,Edmonton,AB,,0,348.6
CEL006,Corvus Energy Ltd.,"#220, 13155 Delf Place",,Richmond,BC,2. TARGET (OUTSIDE),0,0
CPI0010,CPI  Service Allwest,1954-10th. Ave. N.W.,,Medicine Hat,AB,,0,0
EM4013577,Critical Environment,Technologies Canada Inc.,145-7391 Vantage Way,Delta,BC,3. GOOD PROSPECT,0,0
CGT005,CSA Group Testing & Certification Inc,9669 201 Street,,Langley,BC,,0,0
CT4000992,CSA Group Testing & Certification Inc,13799 Commerce Parkway,,Richmond,BC,,0,0
TOM100116,CSA Group Testing & Certification Inc,1707 - 94th Street,,Edmonton,AB,,0,0
CWC004,Cummins Western Canada,PO Box 7679,3001 Faithful Ave.,Saskatoon,SK,,0,0
CUE003,Cunningham Electric,#7-7880-48 Ave,,Red Deer,AB,,0,0
CEE0011,Custom Energy Equipment Services,2887 Parsons Road,,Edmonton,AB,,0,0
DMI006,Damon Motorcycles Inc.,704 Alexander St.,,Vancouver,BC,2. TARGET (OUTSIDE),0,881
DTI006,DarkVision Technologies Inc.,40 Gostick Pl,,North Vancouver,BC,,0,2639
DER002,Deloro Resources,c/o Windale Oilfield Services Ltd.,PO Box 954,Lloydminster,AB,3. GOOD PROSPECT,0,0
DCI005,Delta Controls Inc.,17850 - 56th Avenue,,Surrey,BC,6. NEW PROSPECT,0,847
DQT001,Delta Q Technologies,3755 Willingdon Ave.,,Burnaby,BC,TOP 50 - ZOWSLEY,18511.7,52154.6
DPA002,Deltec Power and Controls Systems,1430  36 St. N.,,Lethbridge,AB,,0,0
EM4013683,Dept of National Defence,CFB Esquimalt,PO Box 17000 Stn Forces,Victoria,BC,3. GOOD PROSPECT,0,0
DID001,Diamond Doors,400 Airport Dr,,Winkler,MB,3. GOOD PROSPECT,0,0
JSI100472,Dimos Tool & Die / Labtronics,12 Bangor Avenue,,Winnipeg,MB,TOP 50 - ZOWSLEY,0,15382.5
CFL004,DNOW Canada ULC,380 Mackenzie Blvd.,Bldg 1C,Fort McMurray,AB,,0,1848
TPX100345,DNOW Canada ULC,PO Box 4395 Station C,,Calgary,AB,3. GOOD PROSPECT,0,0
DOR004,Donald Robinson,1174 Bayda Crescent,,Regina,SK,,0,36466.04
DAA008,Donison and Associates,1101 78 Ave,,Edmonton,AB,,0,0
DAV180263,Douglas College,,,New Westminster,BC,3. GOOD PROSPECT,0,0
AL166737,Dow Chemical Canada ULC,PO Bag 5501,Prentiss Site,Red Deer,AB,6. NEW PROSPECT,0,0
DAV262375,Dow Chemical Canada ULC,"Hwy 15, Bldg 141A","Main Gate, Main Warehouse",Fort Saskatchewan,AB,3. GOOD PROSPECT,0,1310.68
EM4011651,Dow Chemical Canada ULC,Hwy 597 & Prentiss Road,,LaCombe County,AB,4. BRANCH ACCOUNT,0,0
DSS005,Downhole Sonic Solutions Inc,"170, 5255 McCall Way N.E.",,Calgary,AB,,0,0
DRI006,Drilformance,"Suite 201, Bldg B",6051 47 St.,Leduc,AB,,0,0
DEL005,DX3 Entreprises Ltd,"#109, 117 Pembina Road",,Sherwood Park,AB,,0,0
CT4003177,Dycor Technologies Inc.,4620 74 Avenue NW,,Edmonton,AB,COMPETITION,0,0
DAV202947,Dynamo Electric,1383 Fletcher Road,,Saskatoon,SK,2. TARGET (INSIDE),0,0
DYE002,Dynamo Electric,135 Henderson Dr,,Regina,SK,2. TARGET (INSIDE),0,0
DPF001,Dynamysk Panel Fabrication,"#8030, 11500 35th Street SE",,Calgary,AB,,0,0
DII004,Dynastream Innovations Inc.,#201 100 Grand Blvd,,Cochrane,AB,3. GOOD PROSPECT,0,0
EAC001,Eaton Industries (Canada) Company,1693 Cliveden Ave.,,Delta,BC,2. TARGET (INSIDE),0,4995.84
CT4000933,Eaton Industries (Canada) Company,12465-153 Street NW,,Edmonton,AB,,0,0
EEC008,ECM Electrical Controls (see TP914972),,,Edmonton,AB,,0,0
WST13660,Eguana Technologies Inc.,"Unit 1, 3636 7th Street SE",,Calgary,AB,TOP 50 - ZOWSLEY,0,94990
ELP002,Elecon Systems Ltd.,8011 Davies Rd NW,,Edmonton,AB,2. TARGET (OUTSIDE),0,13949.95
ERE001,Electram Rotary Equipment Ltd.,18112 - 107 Ave,,Edmonton,AB,3. GOOD PROSPECT,0,0
EVC001,ElectraMeccanica Vehicles Corp.,102 East 1st Avenue,,Vancouver,BC,,0,0
TP914972,Electrical Controls Manufacturing Inc.,4016 - 101 Street NW,,Edmonton,AB,2. TARGET (OUTSIDE),0,5716.64
EM4013310,Electrotek Ltd.,1016 - 34th Ave. SE,,Calgary,AB,TOP 50 - ZOWSLEY,0,54689.66
EEL001,Emery Electric Ltd.,Unit #102 - 851 Viewfield Rd.,,Victoria,BC,6. NEW PROSPECT,0,1952.47
ENS001,Enerflex Ltd.,4700 - 47th Street SE,,Calgary,AB,2. TARGET (OUTSIDE),0,0
EAB001,Enerkem AERF,Site 460 - 250 Aurum Road NE,,Edmonton,AB,,0,1463.28
ENA002,Engineered Air,1401 Hastings St. S.E.,,Calgary,AB,3. GOOD PROSPECT,0,0
DAV111541,Enmax Energy Corporation,239- 19 Street N.E.,,Calgary,AB,3. GOOD PROSPECT,0,0
EM4007120,Enmax Power Corporation,2808 Spiller Road,Financial Services Div.,Calgary,AB,6. NEW PROSPECT,0,0
EPS004,Enmax Power Service Corp.,4110 - 9th Street S.E.,,Calgary,AB,6. NEW PROSPECT,0,0
EPS006,ENMAX Power Services Corporation (H/O),141 - 50 Ave. SE,,Calgary,AB,,0,0
EEL007,Envent Engineering Ltd,7060E Farrell Road SE,,Calgary,AB,3. GOOD PROSPECT,0,0
EM4007307,EPCOR (Head Office),"2000, 10423 - 101 Street NW","Accounts Payable, 27th Floor EPCOR Tower",Edmonton,AB,ZZ TOP-100 (INSIDE),0,0
EPI0010,Equinox Power Innovations Inc.,5589 Byrne Road,Unit 234,Burnaby,BC,,2808.8,3515.38
ESC005,Equipment Solutions Canada Inc.,c/o Continental Machining,6235B - 86 Ave SE.,Calgary,AB,5. QUALIFIED LOW,0,0
AL181288,ERL Phase Power Technologies Ltd.,74 Scurfield Blvd.,,Winnipeg,MB,6. NEW PROSPECT,0,0
EPP001,Escape Power Products,132-37565 Highway #2,,Red Deer,AB,,0,0
EES006,Essential Energy Services,1402 Brier Park Cresent NW,,Medicine Hat,AB,,0,0
EEL006,ET Energy Ltd.,4895 - 35B Street SE.,,Calgary,AB,3. GOOD PROSPECT,0,0
EEP003,Evolution Electrical Products Inc,E1 - 2924 Miners Ave,,Saskatoon,SK,TOP 50 - ZOWSLEY,9666.38,120742.77
EBC001,Excell Battery Company,"#133, 18525 - 53rd Ave.",,Surrey,BC,2. TARGET (INSIDE),0,0
EXI005,Exchanger Industries,"140 Quarry Park Blvd SE, Suite 120",,Calgary,AB,,0,0
EPS008,Exell Power Services Ltd.,206-19049-54th Avenue,,Surrey,BC,2. TARGET (OUTSIDE),0,294.95
ETI0014,Exro Technologies Inc. (H/O),#12-21 Highfield Circle SE,,Calgary,AB,TOP 50 - ZOWSLEY,0,72302.96
CT4001146,Finning (Canada),19498 - 92 Avenue,,Surrey,BC,3. GOOD PROSPECT,0,311.74
TPX100316,Finning (Canada)        (H/O),16901-109 Avenue,Att'n: Accounts Payable,Edmonton,AB,2. TARGET (INSIDE),0,0
FCE003,First Choice Electrical Supply,10913 97th Ave,,Grande Prairie,AB,,0,0
FES001,Flint Energy Services Ltd.,"700, 300 - 5 Ave SW",,Calgary,AB,3. GOOD PROSPECT,0,0
FES008,Flint Energy Services Ltd.,Div. of ClearStream Energy Services Inc.,10414 - 84 Avenue,Clairmont,AB,,0,5106.92
FLS003,"Flir Systems, Inc.",4218 Commerce Circle,,Victoria,BC,,0,0
FLU001,Fluxwerx Illumination Inc.,9255 194th Street,,Surrey,BC,2. TARGET (INSIDE),0,0
PES009,FMC Technologies Canada Ltd.,"10th Floor, 333 - 11th Avenue SW",,Calgary,AB,6. NEW PROSPECT,0,0
PUE003,FMC Technologies Canada Ltd.,4115 - 78th Street Crescent,,Red Deer,AB,,0,0
FTC002,FMC Technologies Canada Ltd.,PO Box 539,,Cold Lake,AB,,0,0
FBL001,Forbes Bros. Ltd,"#300, 10403 - 172 Street",,Edmonton,AB,,0,0
PLR115075,Foremost Industries LP,1225-64th Avenue NE,,Calgary,AB,,0,0
BP1304070,FortisAlberta Inc.,"PO Box 2570, Station M",,Calgary,AB,ZZ TOP-100 (INSIDE),0,0
FPI002,FPInnovations,2665 East Mall,,Vancouver,BC,3. GOOD PROSPECT,0,0
DAV115191,Frontier Power Products,9204 - 37 Avenue,,Edmonton,AB,2. TARGET (INSIDE),0,22051.33
FPP001,Frontier Power Products,10547 - 42 Street SE,,Calgary,AB,2. TARGET (INSIDE),0,5131.69
DAV115190,Frontier Power Products ULC  (H/O),7983 Progress Way,,Delta,BC,,0,3897.8
FRI004,FVT Research Inc.,103-19055 Airport Way,,Pitt Meadows,BC,,0,0
GOI001,G2V Optics Inc.,9703 45th Avenue NW,,Edmonton,AB,,0,4091.9
GII0021,GaNPower International Inc.,230-3410 Lougheed Hwy,,Vancouver,BC,TOP 50 - ZOWSLEY,0,10484.65
GAS004,Gas/Drive,1269  Brier Park Drive NW.,,Medicine Hat,AB,,0,0
GEO003,GE Oil & Gas Inc.,"3400, 525 - 8th Avenue SW",,Calgary,AB,,0,0
EM4006265,GE Power,21300 Gordon Way,,Richmond,BC,5. QUALIFIED LOW,0,0
GCI009,General Electric Canada,2240 Premier Way,,Sherwood Park,AB,,0,0
GER004,General Energy Recovery Inc.,850-635 8th Ave SW,,Calgary,AB,,0,0
GER005,General Energy Recovery Inc.,"Site #6, Reinhart Industrial Park",PO Box 914,Lloydminster,AB,,0,0
GFI003,General Fusion Inc,"Suite 320, 3600 Lysander Lane",,Richmond,BC,,0,0
GFI001,General Fusion Inc,103 - 3680 Bonneville Place,,Burnaby,BC,,0,16357
GWP002,General Window Products of Canada Limited,753 Marion Street,,Winnipeg,MB,,0,0
GAT002,Genesis Robotics & Motion Technologies Canada ULC,6279 - 202 Street,Unit #1,Langley,BC,2. TARGET (OUTSIDE),0,101.08
4745187,GEO Pressure Systems Inc.,1515 - 28th Street NE,,Calgary,AB,,0,519
EM4014561,Global Power Technologies Inc.,"16, 7875 - 57 Street S.E.",,Calgary,AB,2. TARGET (OUTSIDE),0,10243.5
DAV87260,GMR Electric Motors Ltd.,817 - 46th Street East,,Saskatoon,SK,,0,0
GN002,GN Corporations Inc.,2873 Kingsview Blvd. S.E.,,Airdrie,AB,3. GOOD PROSPECT,0,0
GTI007,Gradient Thermal Inc.,"Unit #2, 314 Exploration Ave. SE",,Calgary,AB,,0,0
SCL0023,Grande Prairie Fluid System Technologies Inc.,"#100, 11025 - 89th Avenue",,Grande Prairie,AB,,0,0
GNW001,Great North Wellhead & Frac,8743 50 Avenue NW,,Edmonton,AB,2. TARGET (OUTSIDE),0,0
GRB002,Greenlane Biogas,110 - 3605 Gilmore Way,,Burnaby,BC,,0,0
GIC0017,Greenlight Innovation Corp.,101 - 8339 Eastlake Drive,,Burnaby,BC,2. TARGET (OUTSIDE),0,0
GUA002,Guest Automation,"Site 8, Box 56, RR1",,Okotoks,AB,6. NEW PROSPECT,0,0
GUC003,Guest Controls,6320 63 avenue,,Lloydminster,AB,,0,0
GIC0011,Gulf Islands Cable,12681 26 Ave,,Surrey,BC,,0,0
HAE004,Hagen Electric Ltd.,1105 - 36 Street North,,Lethbridge,AB,,0,486.77
EMA303307,Halliburton Group Canada           (H/O),"#1800, 645-7th Ave. SW",Accounts Payable Dept.,Calgary,AB,3. GOOD PROSPECT,0,0
HSD001,Halliburton Group Canada - Nisku North,1406 - 5th Street,(Entrance off 4th St.),Nisku,AB,TOP 50 - ZOWSLEY,2837.7,296946.28
EM4014166,Haul All Equipment Ltd.,4115-18th Ave. North,,Lethbridge,AB,ZZ D FAIR PROSPECT,0,1300.16
CT4000903,Hayley Industrial Electronics Ltd.,7071 - 112 Ave SE,,Calgary,AB,TOP 50 - ZOWSLEY,9144.4,106817.17
HCP003,HC Power,14207-86 St. NW,,Edmonton,AB,,0,0
WST14408,Hemisphere GPS,4110 - 9th Street SE,,Calgary,AB,3. GOOD PROSPECT,0,0
HEI005,HiFi Engineering Inc.,"#2, 816 - 46 Avenue SE",,Calgary,AB,6. NEW PROSPECT,0,1044.9
HEC005,Highline Electrical Constructors,14608 - 123 Avenue,,Edmonton,AB,6. NEW PROSPECT,0,0
HET003,Hillcrest Energy Technologies,Suite 1910 - 1030 West Georgia Street,,Vancouver,BC,TOP 50 - ZOWSLEY,0,52822
TP914786,Honeywell Controls,#17; 5925 - 12 Street S.E.,,Calgary,AB,6. NEW PROSPECT,0,0
AL285241,Husky Oil Operations Limited   (H/O),707-8th Avenue SW,"Box 4490, Station D",Calgary,AB,,0,0
IWS004,ICE Western Sales,,9765 - 54th Street S.E.,Calgary,AB,,0,0
TP2389,Icefield Tools Corporation,#300 - 116 Galena Road,,Whitehorse,YT,6. NEW PROSPECT,0,0
ICA001,Icon Automation Inc.,51 The Bridle Path,,Winnipeg,MB,2. TARGET (INSIDE),0,660.99
IPA001,Iconic Electric And Controls Inc,11079 - 50th St SE,,Calgary,AB,,0,0
IIC002,ICS Integrated Control Solutions Inc,17 Fawcett Rd,2nd Floor Suite 342,Coquitlam,BC,5. QUALIFIED LOW,0,0
AL171437,Idea Technologies,6746 - 75th Street,,Edmonton,AB,6. NEW PROSPECT,0,0
IIE001,IEM Canada,3261 192st,,Surrey,BC,2. TARGET (OUTSIDE),0,11251.87
IMI003,IMG Industries Inc.,1380 Commercial Way,Unit #101,Penticton,BC,TOP 50 - ZOWSLEY,0,45003.74
CT1148,Indus Automation Inc.,1-442 Higgins Ave.,,Winnipeg,MB,,0,7583.72
CT4003173,InnoTech Alberta,250 Karl Clark Road,,Edmonton,AB,2. TARGET (INSIDE),0,0
ICT001,Innovative Circuit Technology Ltd.,26921 Gloucester Way,,Aldergrove,BC,2. TARGET (OUTSIDE),0,0
EM4012048,Integrated Power Services Inc.,633 Tyne Avenue,,Winnipeg,MB,2. TARGET (INSIDE),0,1429.48
BP14016295,International Electric Rigs Ltd.,6412 - 18th Street,,Edmonton,AB,2. TARGET (INSIDE),0,0
CT4001027,International Submarine Engineering Ltd.,1734 Broadway Street,,Port Coquitlam,BC,ZZ$EXISTING ACCOUNT$,15289.44,0
IWG001,International Water Guard Industries Inc.,Bldg 7 - 15050 54A Avenue,,Surrey,BC,,0,0
INT0021,Intertek Testing Servs NA Ltd.,14920 - 135 Ave.,,Edmonton,AB,,0,0
INT008,Intertek Testing Servs NA Ltd.,1500 Brigantine Drive,,Coquitlam,BC,,0,0
IOT003,Ionomr Technology,111-2386 East Mall,,Vancouver,BC,,0,0
ISI0017,IPEC Systems Inc.,9761 45 Avenue NW,,Edmonton,AB,,0,0
DAV162053,IRT Integrated Rectifier Technologies Inc.,15360 - 116 Avenue NW,,Edmonton,AB,TOP 50 - ZOWSLEY,642.2,56649.62
ITI0011,Island Technical Installations,1 - 6782 Veyaness Road,,Saanichton,BC,TOP 50 - ZOWSLEY,0,72402.6
ITC003,Itron Canada,505B McDonald St,,Regina,SK,,0,0
DAV227176,IWR Technologies Ltd.            (H/O),7920 56 Street SE,,Calgary,AB,3. GOOD PROSPECT,0,940.8
JAM006,James & Sons Electric Ltd.,1055 Cariboo Highway N,,Quesnel,BC,,0,0
JTL001,Jastram Engineering Ltd.,135 Riverside Drive W.,,North Vancouver,BC,TOP 50 - ZOWSLEY,0,23691.4
JBE001,JB Entreprise,78 Champlain Place,,Beaumont,AB,3. GOOD PROSPECT,0,0
JDE001,JD Electric,1206  8A Street,,Nisku,AB,,0,0
JEL003,JenSo Controls & Electrical Ltd.,"13, 52308 Range Road 214",,Sherwood Park,AB,TOP 50 - ZOWSLEY,0,15206.79
JOS003,Johnson Systems,1923 Highfield Crescent SE,,Calgary,AB,,0,0
DAV117023,JP Power Technology Inc.,14225 - 129th Ave.,,Edmonton,AB,3. GOOD PROSPECT,0,0
CT927,JRS Industrial & Power Solutions,1072 King Edward Street,,Winnipeg,MB,2. TARGET (OUTSIDE),0,0
KIL002,Kane Instrumentation Ltd.,"2109,  84th Avenue",,Edmonton,AB,TOP 50 - ZOWSLEY,0,17131.92
KMI002,Karve Machine Inc,6133 - 80 Street NW,,Edmonton,AB,,0,0
KEI0016,Keirton Inc.,9445 189th Street,,Surrey,BC,,0,0
KEL004,Kels Electric Ltd,505 Sioux Road,,Sherwood Park,AB,6. NEW PROSPECT,0,0
KEY001,Keyera Partnership,144 - 4th Avenue SW,"Suite 200, Sun Life Plaza West Tower",Calgary,AB,,0,0
KIN005,Kinemek,"108 Research Drive, Suite 105",,Saskatoon,SK,,0,0
KES009,Kings Energy Services,8402-124 St. site #20,,Grande Prairie,AB,,0,0
KIR001,Kirk Richardson,962 West 16th Avenue,#312 (Buzzer: 1302),Vancouver,BC,,0,0
DAV139542,Kobelt Manufacturing Co. Ltd.,8238 - 129th Street,,Surrey,BC,TOP 50 - ZOWSLEY,0,134374.44
KCI007,Konecranes Canada Inc.,3332 114 ave SE,,Calgary,AB,,0,0
KON002,Konecranes Canada Inc.,#10 - 1585 Cliveden Ave.,,Delta,BC,,0,0
KPU001,Kwantlen Polytechnic University,12666 - 72nd Ave,Cloverdale Campus,Surrey,BC,2. TARGET (OUTSIDE),0,2536
LPS003,LA Power Systems,303  24 St. N.,,Lethbridge,AB,,0,0
LPS004,LA Power Systems,450-4th. Ave.,,Lethbridge,AB,,0,0
LCA002,LD Cowley and Associates Ltd.,2968 Henderson Road,,Victoria,BC,,0,0
LAL002,Legend Automation Ltd,"2nd floor, unit 201, 122 4th Ave SW",,High River,AB,,0,0
DAV226350,Legend Power Systems Inc.,1480 Frances Street,,Vancouver,BC,,0,0
LEC009,Leonard Carter,9222 University Crescent,Apt. 103 / Buzzer Code 2325,Burnaby,BC,,0,6806.5
LEE0010,Lex Engineering,Suite 110 - 4321 Still Creek Drive,,Burnaby,BC,,0,0
LIS002,Lifting Solutions Inc.,3710 - 78 Avenue NW,,Edmonton,AB,,0,0
LUS002,LineStar Utility Supply Inc,17949 Roan Place,,Surrey,BC,6. NEW PROSPECT,0,0
LFS002,LJP Field Services,610 - 17th Ave. SW,Apt 201,Calgary,AB,5. QUALIFIED LOW,0,0
CT4001031,Lochhead Haggerty Engineering,508 Eaton Place,Annacis Island,Delta,BC,ZZ$EXISTING ACCOUNT$,0,254.7
LWS001,Lonkar Wireline Services,8080 Edgar Industrial Crescent,,Red Deer,AB,3. GOOD PROSPECT,0,0
LVL003,Lucid Vision Labs Inc,130-13200 Delf Place,,Richmond,BC,,0,0
LTC002,Luxmux Technology Corporation,"1030, 2424 - 4th Street SW",,Calgary,AB,,0,0
LTC003,Luxmux Technology Corporation,5 Richmond Way SW,,Calgary,AB,,0,0
EM4011639,LV Control Manufacturing,660 Golspie St.,,Winnipeg,MB,2. TARGET (INSIDE),0,806.59
MAC008,MacGyver Controls,9705-113 st.,,Grande Prairie,AB,,0,0
EM4014136,Madis Engineering Ltd.,"#7, 9510-114th Avenue SE",,Calgary,AB,ZZ$EXISTING ACCOUNT$,0,0
MPC003,Magalith Power comp.,,,Grande prairie,AB,,0,0
CT4000053,"Magellan Aerospace, Winnipeg",660 Berry Street,,Winnipeg,MB,,0,0
MIE005,Magna IV Engineering,3140 - 114 Avenue SE,,Calgary,AB,,0,5289.76
DAV161037,Magna IV Engineering       (H/O),1103 Parsons Road SW,,Edmonton,AB,2. TARGET (OUTSIDE),0,0
MCS003,Magnum Cementing Services Operations Ltd.,PO Box 60010,,Strathmore,AB,5. QUALIFIED LOW,0,0
CT928,Manco Control Systems Inc.,52B Caithness Street,,Winnipeg,MB,2. TARGET (OUTSIDE),0,5782.76
CT4004355,Manitoba Hydro,1840 Chevrier Blvd,Door 15 - Central Stores,Winnipeg,MB,4. BRANCH ACCOUNT,0,0
CT999,Manitoba Hydro,12 - 1146 Waverley St.,,Winnipeg,MB,ZZ TOP-100 (INSIDE),0,0
CT4001770,Manitoba Hydro    (H/O),PO Box 815,Accounts Payable Section,Winnipeg,MB,,0,0
TOM100218,Marine Canada Acquisition Inc.,DBA Seastar Solutions,3831 No. 6 Road,Richmond,BC,TOP 50 - ZOWSLEY,0,20083.76
DAV76073,Martech Electrical Systems Ltd.,1700 Woodland Drive,,Castlegar,BC,2. TARGET (OUTSIDE),0,0
MAI0013,Maryn International,"Bay 5, 4216 - 54th Ave SE",,Calgary,AB,3. GOOD PROSPECT,0,0
MAI0032,Matrix Automation Integration and Machine Inc.,27717 Acheson Rd,,Acheson,AB,,0,1762
MES009,Medallion Energy Services,8601-112 th. St.,,Grande Prairie,AB,,0,0
MHC001,Medicine Hat College,"Medicine Hat College, 299 College Drive SE, Medici",,Medicine Hat,AB,,0,0
MEC0010,MEG Energy Corp.,600 - 3 Avenue SW,25th Floor,Calgary,AB,,0,0
DAV193994,Meridian Power Systems Inc.,411 Kaska Rd.,,Sherwood Park,AB,3. GOOD PROSPECT,0,7481.6
MMF001,Meter Man Flow Products,50 Parkside Rd.,,Red Deer,AB,,0,0
TPX100339,Methanex Corporation,"Box 1100, 3806 Box Springs Road NW",,Medicine Hat,AB,6. NEW PROSPECT,0,0
MEV001,Metro Vancouver / Metrotower III,"4730 Kingsway, Mailroom 11th Floor",accountspayable@metrovancouver.org,Burnaby,BC,,0,0
MIL0026,Michael Legary,34 Empire Street,,Headingley,MB,,0,6421
MIT004,Micro Tool & Machine Ltd. (MTM),1166 Sanford Street,,Winnipeg,MB,TOP 50 - ZOWSLEY,0,59101.4
MIC0021,Microsemi,8555 Baxter Place,,Burnaby,BC,,0,0
MIE004,Midland Electric,401C-31 st. N.,,Lethbridge,AB,,0,0
MIE006,Milado Electric,3420 12 Ave N,,Lethbridge,AB,,0,0
MOS004,Millard oilfield Services,,,Medicine Hat,AB,,0,0
MRC001,Millenia Engineering,"#200, 628 - 11th Ave SW",,Calgary,AB,3. GOOD PROSPECT,0,0
MIP008,Ming Tong,Unit 501,450 8th Avenue SE,Calgary,AB,,0,1963
MIS0012,MistyWest Energy & Transport Ltd.,"2nd Floor; #554 East 15th Ave,",,Vancouver,BC,2. TARGET (OUTSIDE),0,0
EM4015814,Mitsubishi Hitachi Power Systems Canadia Ltd.,3903 Brodsky Avenue,"Power Division Service Facility, unit #100",Saskatoon,SK,ZZ D FAIR PROSPECT,0,0
MDL004,Mobiltex Data Ltd,3640 26 Street NE,,Calgary,AB,,0,0
MDL005,Mobiltex Data Ltd,3640 26 St NE,,Calgary,AB,,0,0
TP2175884,Moloney Electric Inc.,BANKRUPT,120 Diamond Avenue  / PO Box 3968,Spruce Grove,AB,6. NEW PROSPECT,0,0
MAG0022,Moog Aircraft Group,20263 S Western Ave,,Torrance,CA,,0,0
MDG001,Motus Design Group Ltd.,201-1821 Cook Street,,Victoria,BC,,0,0
MTI0015,MPB Technologies Inc.,27 East Lake Hill,Electronics Test Centre,Airdrie,AB,,0,0
MCS002,MR Control Systems Inc,4620 Manilla Road SE,,Calgary,AB,3. GOOD PROSPECT,0,0
NAI002,Nacon Industries,220 Saskatchewan Dr.NE,,Lethbridge,AB,,0,0
EM4011288,NAIT Main Campus,11762 - 106 Street NW,,Edmonton,AB,2. TARGET (OUTSIDE),0,0
NAM006,NAMCO Machine & Gear Works Ltd.,9168 - 35 Avenue NW,,Edmonton,AB,2. TARGET (OUTSIDE),0,9303.28
NOV006,National Oilwell Varco  DOWNHOLE,3660 93 St NW,,Edmonton,AB,,0,0
EM4011310,National Research Council,Drao Pen White Lake Road,"PO Box 248, Stn. Main",Penticton,BC,6. NEW PROSPECT,0,0
EM4014155,National Research Council,Institute for Fuel Cell Innovation,4250 Wesbrook Mall,Vancouver,BC,3. GOOD PROSPECT,0,5035.84
TPX100321,National Research Council,Institute for Biodiagnostics,435 Ellice Avenue,Winnipeg,MB,3. GOOD PROSPECT,0,0
NRC003,National Research Council,5071 West Saanich Road,,Victoria,BC,6. NEW PROSPECT,0,0
DAV271611,Natural Resources Canada,Pacific Geological Survey of Canada,"Box 6000,  9860 W Saanich Road",Sidney,BC,3. GOOD PROSPECT,0,0
NCM001,NCS Multistage,"800–840, 7 Ave SW",,Calgary,AB,,0,0
NET007,Netint Technologies Inc.,306-3500 Gilmore Way,,Burnaby,BC,,0,0
NEP004,Neufeld Petroleum,"101,14125-99 st.",,Grande Prairie,AB,,0,0
NET0010,Neurio Technology,768 Seymour St,,Vancouver,BC,,0,2748
NTI0010,Neurio Technology Inc.,6th Floor - 555 Robson Street,,Vancouver,BC,2. TARGET (OUTSIDE),0,24037
NCG001,NewAge Consulting Group Inc,855 Arcola Ave,,Regina,SK,3. GOOD PROSPECT,0,0
NSP003,Nex Source Power,,,Sylvan Lake,AB,,0,0
NEX001,Nexsource,10905-97 Ave.,,Grande Prairie,AB,,0,0
NIS0011,NextGen Integrated Systems Inc.,5 - 19351 94 Ave.,,Surrey,BC,,0,0
NTI006,Noralta Technologies Inc.,2-8021 Edgar Industrial park,,Red Deer,AB,,0,0
DAV222453,Noram Engineering and Constructors Ltd.,"200 Granville St., #1800",,Vancouver,BC,3. GOOD PROSPECT,0,0
NOW003,Noramco Wire & Cable,4328 55th ave.,,Edmonton,AB,,0,0
NEI0010,Norma Engineering Inc,"310, 540-5th Avenue S.W.",,Calgary,AB,,0,0
NAC009,North American Construction Group,11405 - 163 Street,,Edmonton,AB,3. GOOD PROSPECT,0,0
NOD005,Northstar Drillstem Testers Inc.,2410A - 2nd Avenue SE,,Calgary,AB,,0,0
NCC002,Northwest Community College,5331 McConnell Ave.,,Terrace,BC,3. GOOD PROSPECT,0,0
DES0013,NOV Canada ULC,Completion & Production Solutions,6771 - 84 Street SE,Calgary,AB,2. TARGET (OUTSIDE),0,0
NCA002,NOV Canada ULC,7910 - 48 Street SE,,Calgary,AB,,0,0
DAV229159,NOV Canada ULC,PO Box 667,Station M,Calgary,AB,,0,0
EM4014368,Nova Chemicals,2928 - 16th Street NE,,Calgary,AB,ZZ D FAIR PROSPECT,0,0
TOM100009,Nova Chemicals Corp                (H/O),PO Box 5006,"A/P, Strategic In, Bldg 9",Red Deer,AB,ZZ TOP-100 (INSIDE),0,0
NOC003,NOVA Chemicals Corporation,38430 Highway 815,,Lacombe County,AB,,0,56.64
EM4012536,NOVA Gas Transmission Ltd.      (H/O),"PO Box 1000, Station M",Accounts Payable Department,Calgary,AB,3. GOOD PROSPECT,0,0
EM4013120,NovAtel Inc.,Hexagon Calgary Campus,10921 - 14th Street NE,Calgary,AB,TOP 50 - ZOWSLEY,0,65650
NHA001,NRC Herzberg Astronomy and Astrophysics,PO Box 248,,Penticton,BC,,0,0
NUE003,Nuvision Electrical & Instrumentation Ltd.,4910 51 Street,,Stettler,AB,,0,0
NYV001,NYIT Vancouver,"701 W. Georgia St., Suite 1700",P.O. Box 10104,Vancouver,BC,,0,0
OBR001,Obsidian Research,"#120, 4445 Calgary Trail NW",,Edmonton,AB,,0,0
CD11019,Oce Display Graphics Systems Inc.,406 - 13251 Delf Place,,Richmond,BC,3. GOOD PROSPECT,0,0
OKA001,Okanagan Automation,#5 - 364 Lougheed Road,,Kelowna,BC,,0,0
EM4013619,Okanagan College,Finance - Accounts Payable,1000 KLO Road,Kelowna,BC,2. TARGET (OUTSIDE),0,0
OLG002,Oleg Gritsev,54 Niven Pl NW,,Calgary,AB,,1583,0
OPI004,Opcon Inc.,54004 Township Road 252,,Calgary,AB,,0,0
DAV61705,Pace Technologies,9604-41 Avenue NW,Suite 112,Edmonton,AB,,0,0
TP3344,Pacific Insight Electronics Corp.,1155 Insight Drive,,Nelson,BC,3. GOOD PROSPECT,0,0
PAN001,Panelflex Ltd.,7408 40 Street SE,Bay 9,Calgary,AB,3. GOOD PROSPECT,0,0
DAV86806,Pason Systems Corp.,6130 - 3rd Street SE,,Calgary,AB,,0,0
CT4000955,Patton & Cooke Ltd.,7795 - 128th Street,Unit 100,Surrey,BC,,0,0
DAV265061,Pauwels Canada,see CG Power...........,,Winnipeg,MB,3. GOOD PROSPECT,0,0
EM4014050,PCA Valence Engineering Technologies Ltd (H/O),"#151, 4999-43rd Street SE",,Calgary,AB,2. TARGET (INSIDE),0,0
PCC002,PCC Communications,9741 - 54 Avenue,,Edmonton,AB,3. GOOD PROSPECT,0,0
PEE003,Peco Electrical Ltd.,6708 - 41 Street,,Leduc,AB,2. TARGET (INSIDE),0,688.98
PPC004,Pembina Pipeline Corporation,"4000, 525 - 8th Ave. SW",,Calgary,AB,,0,0
PFL002,Penticton Foundry Ltd.,568 Dawson Avenue,,Penticton,BC,,0,0
PEI006,Perm Inc.,3956 - 29th Street NE,,Calgary,AB,3. GOOD PROSPECT,0,0
DAV186085,Petrospec Engineering Ltd,275 Portage Close,,Sherwood Park,AB,2. TARGET (OUTSIDE),0,0
CT4001045,Philtek Electronics Ltd.,11828 Machrina Way,OUT OF BUSINESS,Richmond,BC,3. GOOD PROSPECT,0,0
WST14636,Photon Control Inc.,#130 - 13500 Verdun Place,,Richmond,BC,2. TARGET (OUTSIDE),0,4405
PFI005,Piebiak Farms Inc.,PO Box 97,,Eaglesham,AB,,0,0
PPS001,Pioneer Petrotech Services Inc.,"#1, 1431 - 40 Ave. NE",,Calgary,AB,3. GOOD PROSPECT,0,0
PMI0010,Planar Motor Inc.,100-6660 Graybar Road,,Richmond,BC,,0,0
CT4000922,Polyphase Engineered Controls,3555 - 93 Street,,Edmonton,AB,3. GOOD PROSPECT,0,0
PEL0010,Portable Electric Ltd.,258 Raymur Avenue,,Vancouver,BC,,0,0
CT4005435,Potash Corp. of Saskatchewan,Cory Division,PO Box 1320,Saskatoon,SK,4. BRANCH ACCOUNT,0,0
PCI007,"Powell Canada, Inc.",10960 - 274 Street,,Acheson,AB,2. TARGET (OUTSIDE),0,5632.02
CT4000894,Power Systems Plus Inc.,12924 - 146th Street,,Edmonton,AB,ZZ TOP-100 (INSIDE),0,0
PTL003,Power Technologies Ltd.,10310 - 76 Ave,,Grande Prairie,AB,,0,0
TOM100208,Powertech Labs Inc.,12388 - 88th Avenue,,Surrey,BC,TOP 50 - ZOWSLEY,0,22373.67
PRA009,Praxair Canada Inc.,PO Box 1840,,Gibbons,AB,,0,0
PDS001,Precise Downhole Services Ltd.,506 23A Avenue,,Nisku,AB,2. TARGET (OUTSIDE),0,0
PPS004,Precision Pump Service,1924  11th. Ave NW.,,Medicine Hat,AB,,0,0
EM4008490,Price Industries Limited,638 Raleigh St.,,Winnipeg,MB,2. TARGET (OUTSIDE),0,964.13
PRE007,Prime Engineering Ltd.,1-717 Aldebury Street,,Victoria,BC,TOP 50 - ZOWSLEY,5186.43,54174.65
CT4001047,Prime Mover Controls,3600 Gilmore Way,,Burnaby,BC,TOP 50 - ZOWSLEY,0,35642.5
PEL006,Priority Electronics Ltd,55 Trottier Bay,,Winnipeg,MB,5. QUALIFIED LOW,0,0
TPZ1007,Procon Systems (2013) Inc.,6025 - 99 Street NW,,Edmonton,AB,,0,995.68
PCI006,Profire Combustion Inc,55 Alberta Ave Bay 12,,Spruce Grove,AB,3. GOOD PROSPECT,0,0
PRI0027,Progressive Rubber Industries Inc.,597 Chilcotin Rd,,Kamloops,BC,TOP 50 - ZOWSLEY,0,41796.44
PRC0012,Pronghorn Controls,4919 72 Ave SE,,Calgary,AB,,0,0
PRC0010,Pronghorn Controls,102-11225 -98 ave,,Grande Prairie,AB,,0,0
EM4006629,PTI Transformers Inc.,1155 Park Street,,Regina,SK,3. GOOD PROSPECT,0,2484.35
TES0076,PTW Control Solutions Ltd.,Calgary Place II,"Suite 600, 355 - 4th Avenue SW",Calgary,AB,,0,0
TFS005,PTW Energy Services Ltd.,Reinhart Business Park,,Lloydminster,AB,,0,0
DAV144893,Public Works Esquimalt Graving,825 Admirals Rd.,,Victoria,BC,2. TARGET (INSIDE),0,0
CT4004700,Pulse Engineering Ltd.,1137 Keewatin Street,,Winnipeg,MB,5. QUALIFIED LOW,0,0
DAV261597,Purcee Industrial Power Ltd. H/O,RR1 Site 19 Box 2,32101 - 393 Ave E.,Okotoks,AB,,0,0
PUR002,PureHM Inc.,"Unit 1 - 5, 1260 34 Avenue",,Nisku,AB,,0,0
EM4012872,Pyramid Corporation                (H/O),2308 - 8th Street,,Nisku,AB,,0,0
QAL001,QAI Laboratories,3980 North Fraser Way,,Burnaby,BC,3. GOOD PROSPECT,0,15324
DAV276362,Quadlogic Meters Canada Inc.,Unit 1105 - 573 Sherling Place,,Port Coquitlam,BC,TOP 50 - ZOWSLEY,905.46,36138.13
QUS005,Quantum Supply,6442 Roper Road,,Edmonton,AB,,0,0
QPI003,Quiver Power Inc,#206 828 Harbourside Drive,,North Vancouver,BC,,0,0
RLE001,R L Electric Motor Rewinding,6506 50th avenue,,Lloydminster,AB,,0,0
OMI002,R Stahl Ltd.,7003 - 56 Avenue NW,,Edmonton,AB,5. UNQUALIFIED,0,0
RAE005,Radial Engineering Ltd.,1845 Kingsway Avenue - Unit 1165,,Port Coquitlam,BC,,0,0
RSS001,Rail Shop Services Inc,11812-121 St NW Suite 130,,Edmonton,AB,6. NEW PROSPECT,0,0
RAM009,Ranglar Manufacturing Inc.,3111 Shepard Place S.E,A Division of Coil Solutions Inc.,Calgary,AB,2. TARGET (OUTSIDE),0,1810.35
RAR005,Rawlco Radio,715 Saskatchewan Cres. W,,Saskatoon,SK,,0,0
CT4005095,Raytheon Canada Ltd.,Calgary Electronics Facility,919 - 72nd Ave. NE,Calgary,AB,ZZ D FAIR PROSPECT,0,0
RDE001,Red Deer Electric,6273 Cronquist Dr.,,Red Deer,AB,,0,0
RTC004,Redlen Technologies Inc.,Unit 123 - 1763 Sean Heights,,Saanichton,BC,,0,0
REW004,Remote Wireline,8804 - 98 Street,,Morinville,AB,3. GOOD PROSPECT,0,2332.4
OWM001,Reservoir Group,"105, 1437 - 47th Avenue NE",,Calgary,AB,,0,0
REL003,REV Engineering Ltd.,3236 - 50 Avenue SE,,Calgary,AB,TOP 50 - ZOWSLEY,78405.21,136498.89
CT4001051,RIC Electronics Ltd.,5628 Riverbend Dr.,Unit 1,Burnaby,BC,TOP 50 - ZOWSLEY,0,16033.91
RPC002,RIC Power Corporation,5628 Riverbend Dr.,Unit 1,Burnaby,BC,2. TARGET (OUTSIDE),0,0
ROS002,Rigid Oilfield Services Ltd.,7601 42 Street,,Leduc,AB,3. GOOD PROSPECT,0,0
ROB005,Robertson Bright,"1137, 6027 79th Avenue SE",,Calgary,AB,,0,0
RDS002,Rock Data Services,7975 49 Ave,,Red Deer,AB,,0,0
RME005,Rocky Mountain Embedded Design Inc.,"#305, 2816 - 11th Street NE",,Calgary,AB,,0,16166
REW007,Rodan Energy Solutions Corp.,736-6th Ave. SW,Suite 1700,Calgary,AB,2. TARGET (INSIDE),0,1131.42
RPC005,Rokstad Power Corporation,80 Golden Dr.,,Coquitlam,BC,,0,0
RTL001,Ronera Trucking Ltd.,PO Box 291,,Lashburn,SK,3. GOOD PROSPECT,0,0
S2B001,S2G BioChem Inc.,4250 Wesbrook Mall,,Vancouver,BC,,0,0
EM4011304,Sabre Ltd. (H/O),4460-54 Ave. SE,,Calgary,AB,TOP 50 - ZOWSLEY,0,167377.75
CT4001739,SAIT,1301-16th Avenue NW,,Calgary,AB,2. TARGET (OUTSIDE),0,0
SAC007,Sancon Commissioning,90 Freeport Blvd NE,Suite 102A,Calgary,AB,4. BRANCH ACCOUNT,0,0
MAP0016,Sanctuary AI,"1825 Quebec Street, Unit 201",Att'n: Mary Postles,Vancouver,BC,,0,12799.35
BP1184624,Sandvik Canada Inc                (H/O),"Box 13, Group 524, RR5",,Winnipeg,MB,3. GOOD PROSPECT,0,0
EM4009063,Sask Power,Boundary Dam Power Station,Highway #18 West / PO Box 790,Estevan,SK,ZZ$EXISTING ACCOUNT$,0,0
CT4001665,Sask Power                         (H/O),2025 Victoria Avenue,c/o A.P. / 4th Floor NE,Regina,SK,3. GOOD PROSPECT,0,0
EM4006713,Sask Tel,2133 1st Avenue,2nd floor,Regina,SK,5. QUALIFIED LOW,0,0
EM4011241,Sask Tel,2121 Saskatchewan Dr.,6th Floor,Regina,SK,6. NEW PROSPECT,0,0
TPZ1028,Sask Tel,140 - 1st Avenue North,4th Floor,Saskatoon,SK,6. NEW PROSPECT,0,0
SHA002,Saskatchewan Highways and Infrastructure,800 Central Ave,Box 3003,Prince Albert,SK,3. GOOD PROSPECT,0,0
SIH003,Saskatchewan Polytechnic,Administrative Offices,"400 - 119, 4th Avenue South",Saskatoon,SK,4. BRANCH ACCOUNT,0,0
EM4006416,Saskatchewan Polytechnic Moose Jaw Campus,Saskatchewan St. & 6th Ave NW,PO Box 1420,Moose Jaw,SK,2. TARGET (OUTSIDE),0,0
EM4011538,Saskatchewan Polytechnic Saskatoon Campus,PO Box 1550,1130 Idylwyld Dr. North,Saskatoon,SK,2. TARGET (OUTSIDE),0,0
SRC001,Saskatchewan Research Council,6 Research Drive,PTRC Building,Regina,SK,4. BRANCH ACCOUNT,0,0
EM4011640,Saskatchewan Research Council (H/O),15 Innovation Blvd.,,Saskatoon,SK,3. GOOD PROSPECT,0,0
SAS0023,SaskEnergy  / TransGas,644B - 1777 Victoria Ave,,Regina,SK,,0,0
DAV297773,Savanna Energy  (H/O),"#1800, 311 - 6th Ave SW",,Calgary,AB,3. GOOD PROSPECT,0,0
SCS006,Scaletech Systems,505 - 45th St E,,Saskatoon,SK,,0,0
SCA001,Scanimetrics,4500 Enterprise Square,10230 Jasper Ave,Edmonton,AB,3. GOOD PROSPECT,0,0
SIL0014,Schepp Industries Ltd.,777 Coopers Dr SW,,Airdrie,AB,,0,0
DAV250383,Schlumberger,Edmonton Products Center,9803 – 12th Avenue SW,Edmonton,AB,ZZ TOP-100 (INSIDE),0,0
EM4008712,Schlumberger,"#1, 8075 - 49th Ave",,Red Deer,AB,3. GOOD PROSPECT,0,0
SCH009,Schlumberger,9450-17 Avenue,,Edmonton,AB,,0,0
SCH008,Schlumberger,2167 Brier Park Place,,Medicine Hat,AB,,0,0
DAV273417,Schlumberger Canada Ltd.,1606 - 8th Street,,Nisku,AB,,0,0
SCH006,Schlumberger Canada Ltd.,SMITH Completions,7023 - 56 Avenue,Edmonton,AB,4. BRANCH ACCOUNT,0,0
PMO001,Schneider Electric Canada,2195 Keating Cross Road,,Saanichton,BC,2. TARGET (INSIDE),0,0
CT4003379,Schneider Electric Canada Inc.,21325 115 Avenue NW,,Edmonton,AB,TOP 50 - ZOWSLEY,0,4681.95
DAV71925,Schneider Electric Canada Inc.,22171 Fraserwood Way,,Richmond,BC,,0,994.44
SCE001,Schneider Electric Canada Inc.,2195 Keating Cross Rd.,,Saanichton,BC,3. GOOD PROSPECT,23814,0
SEC0023,Schneider Electric Solar Inc.,13091 Vanier Place,Unit 100,Richmond,BC,TOP 50 - ZOWSLEY,0,41427.39
BP154977,SCR Electric Ltd.,54-1833 Coast Meridian Rd.,,Port Coquitlam,BC,ZZ TOP-100 (INSIDE),0,0
DAV94754,Seaspan Victoria Shipyards Co. Ltd.,825 Admirals Road,,Victoria,BC,,0,0
SGC003,SemCAMS Group Corp.,Kaybob South #3,PO Box 460,Fox Creek,AB,3. GOOD PROSPECT,0,0
SOP002,Semerra Oilfield Pressure Testing,104-10903  78 ave.,,Grande Prairie,AB,,0,0
SLC003,Senso Lighting Inc.,302 50 avenue SE,,Calgary,AB,,0,1728.72
SEL005,Service Electric Ltd.,1275 Cariboo Highway 97 North,,Quesnel,BC,6. NEW PROSPECT,0,0
SEO001,Shane's Electronic Oilfield Services,,,Red Deer,AB,,0,0
SCI0023,Shaw Communications Inc.,2728 Hopewell Place NE,,Calgary,AB,,0,0
SHR002,Shearwater Research Inc.,100-10200 Shellbridge Way,,Richmond,BC,,0,2607
SEC009,SHEC Energy Corporation,710 - 47th Street West,Building 5,Saskatoon,SK,,0,0
CT4000953,Shell Canada Ltd.,3655 - 36 Street NW,,Calgary,AB,3. GOOD PROSPECT,0,0
AL285567,Shermco Industries,1375 Church Ave,,Winnipeg,MB,6. NEW PROSPECT,0,0
EM4014453,Shermco Industries,1033 Kearns Cr.,,RM of Sherwood,SK,3. GOOD PROSPECT,0,0
SPB005,Shift Clean Solutions Ltd,1200 W 73rd Ave,Suite 606,Vancouver,BC,,0,22613.8
CT4000883,Siemens Canada Limited,811 Roulston Bay,Services Division,Regina,SK,COMPETITION,0,0
DAV144206,Sierra Wireless Inc.,13811 Wireless Way,Suite 150,Richmond,BC,3. GOOD PROSPECT,0,0
CD1723,Signify Canada Ltd.,19750 - 92A Avenue,,Langley,BC,2. TARGET (OUTSIDE),0,17003
SIL0013,Silent-Aire,7107 8th st. NW,,Edmonton,AB,,0,0
SEL0020,Silhouette Enclosures Ltd.,30745 Marshall Road,,Abbotsford,BC,,0,0
EM4006473,Simon Fraser University,"Payment Services, Discovery 1, Room 1625",8999 Nelson Way,Burnaby,BC,2. TARGET (OUTSIDE),0,2000
SFU001,Simon Fraser University,250 - 13450 102nd Ave.,Surrey Campus Central City,Surrey,BC,3. GOOD PROSPECT,0,0
AL295772,Simson Maxwell,1846 South Quinn Street,,Prince George,BC,ZZ D FAIR PROSPECT,0,925.72
SIM002,Simson Maxwell,#12 - 4131 Mostar Road,,Nanaimo,BC,3. GOOD PROSPECT,0,0
SIM003,Simson Maxwell,467 Exploration Ave. SE,,Calgary,AB,,0,182.88
CT4001056,Simson Maxwell (H/O),1605 Kebet Way,,Port Coquitlam,BC,TOP 50 - ZOWSLEY,795.24,9210.21
SIA006,Sirius Instrumentation and Controls Inc.,4619 82 Avenue NW,,Edmonton,AB,,0,0
SPS0012,Smart Power Systems,PO Box 713,,Estevan,SK,,0,0
STI008,SMART Technologies ULC,3636 Research Road NW,,Calgary,AB,6. NEW PROSPECT,0,0
SOS009,SMG Oilfield Services Ltd.,7 Thomson Drive,,Kindersley,SK,,0,0
SMC003,Smit Marine Canada Inc.,2285 Commissioner Street,,Vancouver,BC,6. NEW PROSPECT,0,0
SMT008,SMPC Technologies,101-7450 Lowland Drive,,Burnaby,BC,,0,7671
SNL003,SNC Lavalin,1075 West Georgia Street,12 Floor,Vancouver,BC,,0,0
SNG001,Snubco Group,502 - 23A Avenue,,Nisku,AB,,0,0
CT4001058,Softac Systems Ltd.,#101 - 8701 Aitken Road,,Chilliwack,BC,ZZ TOP-100 (INSIDE),0,712.68
SCS0011,Solution Control Systems Inc.,15835 145 Avenue,,Edmonton,AB,TOP 50 - ZOWSLEY,0,26537.36
SEI0034,Sonictek Electronics Inc.,"6900 Graybar Rd, Unit 2325",,Richmond,BC,,0,20641.68
SOS003,Soul Oilfield Services,"Unit A, 508 - 11 Ave.",,Nisku,AB,,0,0
SRL003,Southern Rewind Ltd.,"3131 - 2 Ave N ,",,Lethbridge,AB,,0,0
SPT0010,Spar Power Technologies Inc. H/O,"Suite 200, 100 Park Royal",,West Vancouver,BC,2. TARGET (OUTSIDE),0,0
DAV209312,Spark Power Corporation,"Bay 110, 62 Fisher Place",PO Box 1815,Okotoks,AB,3. GOOD PROSPECT,0,0
DAV203366,Spartan Controls Ltd.,8403 - 51 Avenue,,Edmonton,AB,3. GOOD PROSPECT,0,0
SCL0035,Spartan Controls Ltd.,60 - 11550 Barlow Trail NE,,Calgary,AB,,0,20339.34
DAV103096,Spartan Controls Ltd.     (H/O),305 - 27th Street SE,,Calgary,AB,TOP 50 - ZOWSLEY,0,675.84
SMS006,Specific Mechanical Systems Ltd.,6848 Kirkpatrick Cres.,,Saanichton,BC,TOP 50 - ZOWSLEY,0,8809
SPE009,Spider Electric,2217-10 th.Ave.S.W.,,Medicine Hat,AB,3. GOOD PROSPECT,0,0
SPC0588,SprayTest Controls Inc.,411 Railway Avenue,PO Box 269,Beechy,SK,5. QUALIFIED LOW,0,0
SPC0591,Spyder Controls,5210E Wolf Creek Drive,,Lacombe,AB,,0,0
CT931,Standard Aero Ltd.                 (H/O),33 Allen Dyne Road,,Winnipeg,MB,ZZ A $KEY ACCOUNT$,0,0
STA002,Stantec Inc.,1100-111 Dunsmuir Street,,Vancouver,BC,2. TARGET (OUTSIDE),0,0
STM002,StarFish Medical,455 Boleskine Road,,Victoria,BC,,0,880.74
TPZ1036,Startec Refrigeration Services,7664- 10th Street NE,Deerfoot Buisiness Park II,Calgary,AB,3. GOOD PROSPECT,0,0
SES0021,Stealth Energy Services,9595 Enterprise Way SE,,Calgary,AB,,0,0
SCL0032,Steelhaus Technologies Canada Ltd.,"Unit 350, 520 - 5th Avenue SW",,Calgary,AB,,0,5946.92
STC0028,Steelhaus Technologies Canada Ltd.,7679 Edgar Industrial Court,Bay 3 and 4,Red Deer,AB,,1799.2,5490.3
STS0022,Stellar Solutions,#2 52210 Range Road 232,,Sherwood Park,AB,,0,0
BP1166844,Stewart & Stevenson Canada Inc.    (H/O),3001 Shepard Place SE,,Calgary,AB,5. UNQUALIFIED,0,0
STI0020,Stimline Inc.,6915 - 108 Avenue SE,,Calgary,AB,,0,0
SEM003,Stockdales Electric Motor Corporation,1441 Fleury Street,,Regina,SK,TOP 50 - ZOWSLEY,1064.69,305436.57
SOR001,Strad Oilfield Rentals Ltd.,508 11th Ave.,,Nisku,AB,3. GOOD PROSPECT,0,0
TP2313,Stream Flo Industries Ltd.,4505 - 74th Avenue,,Edmonton,AB,TOP 50 - ZOWSLEY,0,34944
STG004,Strike Group,594066 Range Rd 125A,Box 839 Stn Main,Whitecourt,AB,,0,924.56
STE009,Strike Group  (H/O),"Bay 135, 3953 - 112 Avenue SE",,Calgary,AB,,0,2773.68
STS008,Struthers Technical Solutions Ltd. H/O,"#3, 1101 Main Street",,Penticton,BC,3. GOOD PROSPECT,0,1561.3
DAV85132,Suncor,"PO Box 38,  Accts Payable","112,  4th Avenue S.W.",Calgary,AB,ZZ$EXISTING ACCOUNT$,0,0
DAV84511,Suncor Energy,Burnt Lake Gas Plant,Junction 55 & 892,Ardmore,AB,ZZ D FAIR PROSPECT,0,0
CT4005802,Suncor Energy Inc,Dock A Main Warehouse,PO Box 4001,Tar Island,AB,ZZ TOP-100 (INSIDE),0,0
CJL65768,Suncor Energy Inc.,Oil Sands Group,Bag 4006 / Accounts Payable,Fort McMurray,AB,6. NEW PROSPECT,0,0
SUE002,Suncor Energy Products Partnership,c/o Suncor Energy Services Inc.,"Box 1720, Stn. M",Calgary,AB,ZZ A $KEY ACCOUNT$,0,0
SSI003,Surepoint Technologies Group Inc.,11004 - 96th Ave.,Accounts Payable Department,Grande Prairie,AB,3. GOOD PROSPECT,0,0
SUG002,Surepoint Technologies Group Inc.,1211 - 8A Street,,Nisku,AB,,0,0
SOS0011,Swift Oilfield Supply Incorporated,5114 - 63 Street,,Lloydminster,AB,,0,0
SOS0012,Swift Oilfield Supply Incorporated,5902 Alexander Avenue,,Athabasca,AB,,0,0
SDY91559,Syncrude Canada Ltd.               (H/O),Accounts Payable,PO Bag 4020,Fort McMurray,AB,ZZ TOP-100 (INSIDE),0,899.08
DAV197751,Synergy Engineering Ltd.,135 Glacier Street,,Coquitlam,BC,2. TARGET (OUTSIDE),0,5245.32
OLF001,Synovus Solutions Inc.,314-55 Water Street,,Vancouver,BC,,0,0
TAI006,Tamarack Industries,Division of Eljo Industries Inc.,1205 Sherwin Road,Winnipeg,MB,2. TARGET (INSIDE),0,0
THS006,Tamas Hydronics Systems Inc,4516 112 Ave SE,,Calgary,AB,,0,0
TAL005,Tazmech Ltd.,9380 - 26 Avenue,,Edmonton,AB,,0,0
TBC002,TBC Contracting,1720  10th.Ave NW.,,Medicine Hat,AB,,0,0
TEC0048,TC Energy Corporation,1401 Veterans Boulevard NE,Airdrie Service Centre,Airdrie,AB,,0,3232.32
EM4013064,TD Micronic Inc.,201 - 14770  64th Ave.,,Surrey,BC,2. TARGET (OUTSIDE),0,0
TPS004,Team Power Solutions,#30 - 318 Gladstone Crescent,,Saskatoon,SK,TOP 50 - ZOWSLEY,0,182768.97
TEE0014,Techmation Electric & Controls Ltd. (Panel Shop),"105 Auto Road, Reinhart Business Park",,Lloydminster,AB,3. GOOD PROSPECT,0,0
TEL0037,Techtree Engineering Ltd.,3801A - 51 Avenue,,Lloydminster,AB,,0,382.2
CT4001542,Teck Metals Ltd.,25 Aldridge Avenue,Box 1000,Trail,BC,5. QUALIFIED LOW,0,0
TCI0019,Tektelic Communications Inc,7657 10 St NE,,Calgary,AB,,0,0
EM4014625,Telus,5506 - 92C Avenue,,Edmonton,AB,6. NEW PROSPECT,0,0
TEL0029,Telus - Field Service (Vegreville),5013 51 Avenue,,Vegreville,AB,,0,0
TCI0022,TELUS Communications Inc.,2002 Enterprise Way,Floor 02,Kelowna,BC,,0,7140
TCI0012,Telus Communications Inc. (H/O),PO Box 1830 / Accounts Payable,Stn. Main Edmonton,Edmonton,AB,,0,825.64
TER002,Terracon,2723 - 37 Ave NE,Suite 140,Calgary,AB,5. UNQUALIFIED,0,0
TEI0023,Terramera Inc.,"333 Seymour St., 11th floor",,Vancouver,BC,,0,0
TEG0011,Terrapin Geothermics,10707 - 100 Ave. NW,,Edmonton,AB,,0,0
TEL0014,Territorial Electric Ltd.,8303 Roper Road,,Edmonton,AB,6. NEW PROSPECT,0,0
TEG0013,Terry Goebel,6130 3rd St SE,,Calgary,AB,,0,0
TCI0031,TesTneT Canada Inc.,9669 201 Street,,Langley,BC,2. TARGET (OUTSIDE),0,1646.4
TNA002,TGOOD North America Inc.,#3 - 1101 Main Street,,Penticton,BC,,0,0
TSG001,The State Group,Bay 10 - 999 57th Ave NE,,Calgary,AB,,0,0
CTT001,Thermon Heating Systems,5918 Roper Road,,Edmonton,AB,2. TARGET (OUTSIDE),0,119401.8
CT4000562,Thomson Power Systems,4916 - 275 Street,,Langley,BC,TOP 50 - ZOWSLEY,435987.12,723309.47
TP2365,Toran Power & Equipment,750  43 st.,,Leduc,AB,6. NEW PROSPECT,0,0
CHG004,Toyo Pumps,1550 Brigantine Drive,,Coquitlam,BC,,0,17948
TTS002,Traders Tec Systems Controls Ltd,6630 - 71 street,Unit  #4,Red Deer,AB,,0,0
TRE005,Tradesmen Enterprises,"#101 , 11302 - 98 Ave",,Grande Prairie,AB,,0,0
TRC005,TransAlta Corporation,110 - 12 Avenue SW,,Calgary,AB,,0,0
TRP009,TransCanada Pipelines,"#10, 11427 - 98 Ave.",,Grand Prairie,AB,,0,0
TPF001,Trecon Prologic Fabricated Solutions,2318 18th avenue NE,,Calgary,AB,,0,0
RDK272511,Trecon Systems Limited,5039 13th Street SE,,Calgary,AB,6. NEW PROSPECT,0,0
TRS003,Tri Service,708 - 21 Ave,,Nisku,AB,,0,0
TPL2809,Triad Power Ltd.,3342 Millar Ace,Bay #2,Saskatoon,SK,2. TARGET (INSIDE),0,0
TWS001,Trican Well Service,2305 5A street,,Nisku,AB,3. GOOD PROSPECT,0,0
TAE002,Triple A Electric,6209-46 Ave,,Red Deer,AB,,0,0
TTC006,Triton Transformer Corporation,135 Stefaniuk Crescent,,Saskatoon,SK,,0,0
CT4004664,TRIUMF,4004 Wesbrook Mall,Att'n: Accounts Payable,Vancouver,BC,2. TARGET (OUTSIDE),0,930
TRO001,Trotter & Morton,5711-1 St. S.E.,,Calgary,AB,,0,0
TPS009,Tundra Petroleum Services Ltd.,35822 RR285,,Red Deer County,AB,,0,6625.9
TPS006,Tundra Process Solutions,6523  Flint rd.,,Calgary,AB,,0,0
TPX100342,Underwriters Laboratories of Canada,130-13775 Commerce Pkwy,,Richmond,BC,3. GOOD PROSPECT,0,0
ULO004,Underwriters Laboratories of Canada Inc.,1040 Parsons Road SW,,Edmonton,AB,2. TARGET (OUTSIDE),0,0
BP1221547,Unit Electrical Engineering Ltd.,1406 Maple Street,,Okanagan Falls,BC,TOP 50 - ZOWSLEY,10341.74,173132.19
UPS001,Universal Power Solutions,6025 - 12 St SE,Bay 8,Calgary,AB,,0,0
UPS002,Universal Power Solutions Inc,"#8, 20 Panatella Blvd",,Calgary,AB,,0,0
BP1177363,University of Alberta,116 Street & 85th Avenue,Supply Management Services,Edmonton,AB,,0,1500.96
CT4004371,University of Alberta,"E3-012 ETLC, Electrical & Computer Engineering",116 Street & 85 Avenue,Edmonton,AB,,0,1600
UOA009,University Of Alberta,Edmonton Clinic Health Academy,11405-87 Ave NW,Edmoton,AB,,0,0
UOA002,University of Alberta,"6004,  118st NW",Poulty Research,Edmonton,AB,3. GOOD PROSPECT,0,0
CT4001063,University of British Columbia,6224 Agricultural Road,Physics & Astronomy Department,Vancouver,BC,ZZ$EXISTING ACCOUNT$,0,0
CT4001558,University of British Columbia,6-6350 Stores Road,Materials Engineering Department,Vancouver,BC,ZZ$EXISTING ACCOUNT$,0,0
CT4004613,University of British Columbia,#176 - 2360 East Mall,Chemical & Biological Engineering,Vancouver,BC,3. GOOD PROSPECT,0,0
CT4005096,University of British Columbia,2036 Main Mall,Department of Chemistry,Vancouver,BC,ZZ$EXISTING ACCOUNT$,140,0
EM4006166,University of British Columbia,6250 Applied Science Lane,Mechanical Engineering Department,Vancouver,BC,ZZ$EXISTING ACCOUNT$,0,1082
EM4006248,University of British Columbia,6250 Applied Science Lane,Civil Enginering Department,Vancouver,BC,6. NEW PROSPECT,0,0
EM4006475,University of British Columbia,6174 University Blvd.,Chemistry Department,Vancouver,BC,6. NEW PROSPECT,0,0
EM4014505,University of British Columbia,2355 East Mall (Brimcombe Bldg),,Vancouver,BC,ZZ$EXISTING ACCOUNT$,0,0
TPX100313,University of British Columbia,2356 Main Mall - Room 112B,Electrical & Computer Eng'g - MacLeod Bldg.,Vancouver,BC,2. TARGET (OUTSIDE),0,3298
UOB0011,University of British Columbia,School of Engineering,1137 Alumni Ave,Kelowna,BC,,0,2163.34
UOB002,University of British Columbia,"2075 Wesbrook Mall, 1st Floor",Supply Management,Vancouver,BC,3. GOOD PROSPECT,0,0
UOB005,University of British Columbia,"6224 Agricultural Rd, Hennings Bldg","Engineering Physics, Room 333A",Vancouver,BC,,0,18156.13
UOB007,University of British Columbia,2329 West Mall - Building Operations,University Services Building,Vancouver,BC,,0,1626.8
UOB009,University of British Columbia,"6190 Agronomy Road, 5th Floor",Financial Operations / Accounts Payable,Vancouver,BC,,0,0
UOB004,University of British Columbia,3333 University Way,School of Engineering,Kelowna,BC,,0,0
BP1119292,University of Calgary,Financial Services / A/P,2500 University Drive NW,Calgary,AB,2. TARGET (OUTSIDE),0,1065.53
CT4001512,University of Lethbridge,4401 University Drive,,Lethbridge,AB,5. QUALIFIED LOW,0,0
EM4011501,University of Manitoba,E1-368 Engineering Bldg,15 Gillson Street,Winnipeg,MB,,0,0
UOM001,University of Manitoba,"75 Chancellor's Circle, E2-390 EITC",Dept. of Elect. & Comp. Eng.,Winnipeg,MB,2. TARGET (OUTSIDE),0,777
UOM003,University of Manitoba,Supplier Payment Services,414 Administration Bldg.,Winnipeg,MB,,0,5857
UOM006,University of Manitoba,"E2-390 EITC Building, Fort Gary Campus",Electrical & Computer Engineering,Winnipeg,MB,,0,0
EM4011200,University of Northern British Columbia,3333 University Way,Att'n: Accounts Payable,Prince George,BC,5. QUALIFIED LOW,0,0
EM4011504,University of Regina,#100- 3737 Wascana Parkway,Faculty of Engineering,Regina,SK,6. NEW PROSPECT,0,0
CT4005967,University of Saskatchewan,Engineering Building,57 Campus Drive,Saskatoon,SK,2. TARGET (OUTSIDE),0,0
DAV124758,University of Saskatchewan,Facilities Management,110 Maintenance Road,Saskatoon,SK,ZZ D FAIR PROSPECT,0,0
EM4009049,University of Saskatchewan,Saskatchewan Accele Laboratory,,Saskatoon,SK,6. NEW PROSPECT,0,0
UOT005,University of the Fraser Valley,UFV Accounts Payable,33844 King Road,Abbotsford,BC,,0,0
UOT006,University of the Fraser Valley,5579 Tyson Rd.,,Chilliwack,BC,,0,0
CT4001617,University of Victoria,PO Box 3055 Stn CSC,Rm 108 Eng off Wing,Victoria,BC,6. NEW PROSPECT,0,0
UOV001,University of Victoria,Box 1700 Stn CSC,Purchasing Services,Victoria,BC,2. TARGET (OUTSIDE),0,0
UOV002,University of Victoria,"Room 120, McKinnon Building",3800 Finnerty Road,Victoria,BC,,0,0
UCF001,UVic Center for Aerospace Research (CfAR),Hanger B - 9800 McDonald Park Rd.,,Sidney,BC,,0,0
VCC002,Vancouver Career College,100-5021 Kingsway,,Burnaby,BC,,0,0
EM4010572,Vancouver Coastal Health,VCH-Finance/Accounts Payable Dept,1795 Willingdon Avenue,Burnaby,BC,3. GOOD PROSPECT,0,0
VII0010,Vantera Incorporated (IPLC),PO Box 334,,Elie,MB,,0,0
VNI001,Vecima Networks Inc,150 Cardinal Place,,Saskatoon,SK,3. GOOD PROSPECT,0,0
VES002,Venturi Systems,1908 Currie Blvd,,Brandon,MB,,0,0
VPS001,Versa Power Systems Ltd.,4852 - 52nd Street SE,,Calgary,AB,,0,0
VED003,Vertex Downhole,10911 50 Street SE,,Calgary,AB,,0,0
VAE002,Vestor Aerospace Engine Services,15- 47 Aero Drive NE,,Calgary,AB,3. GOOD PROSPECT,0,0
DAV189599,VMAC Global Technology Inc.,1333 Kipp Road,,Nanaimo,BC,2. TARGET (OUTSIDE),0,0
WDD001,Wajax Power Systems,4343 - 114 Avenue SE,,Calgary,AB,3. GOOD PROSPECT,0,6260.9
WAC006,Wave Control Systems Ltd.,9612 - 60th Avenue,,Edmonton,AB,3. GOOD PROSPECT,0,0
DAV145790,Wavefront Technology Solutions Inc.,5621 - 70 Street,,Edmonton,AB,,0,0
WES0017,wespro,6605-46 Ave,,Ponoka,AB,,0,0
DAV182921,West Coast Electric Ltd.,8090 River Road,,Richmond,BC,3. GOOD PROSPECT,0,0
CT4003392,Western Instruments Inc.,"Box 72, Site 2",RR #1,St. Albert,AB,6. NEW PROSPECT,0,0
WEM008,Western Magnesium Corp.,580 Hornby Street - 9th Floor,,Vancouver,BC,,0,0
WPE001,Western Pacific Enterprises Ltd.,1321 Ketch Court,,Coquitlam,BC,,0,0
WRL001,Western Robotics Ltd.,#215 - 12837 76th Avenue,,Surrey,BC,,0,0
WET002,Westgen Technologies,"333 7 Ave SW, #700",,Calgary,AB,2. TARGET (OUTSIDE),0,12470
WEM007,Westpine MDF,300 Carradice Road,,Quesnel,BC,,0,0
DAV107202,Westport Fuel Systems Canada Inc.,101 - 1750 West 75th Avenue,,Vancouver,BC,ZZ$EXISTING ACCOUNT$,0,4031.46
WDS002,Westquip Diesel Sales (Alta.) Ltd.,11162- 261 Street,,Acheson,AB,,0,0
CT4000896,WIKA Instruments Ltd.,3103 Parsons Rd.,,Edmonton,AB,TOP 50 - ZOWSLEY,0,25668.26
CT4000864,Willett Manufacturing (2010) Ltd.,"306 Kensington Ave., Southside",PO Box 340,Estevan,SK,2. TARGET (INSIDE),0,6383.5
EM4006523,Xantrex Technology Inc.,3700 Gilmore Way,,Burnaby,BC,2. TARGET (OUTSIDE),0,0
CT4000949,Yaskawa Wermac,5115 - 76th Avenue SE,,Calgary,AB,,0,0
ZTI002,Zaber Technologies Inc.,#2 - 605 West Kent Ave. N,,Vancouver,BC,2. TARGET (INSIDE),0,0
ZES002,Zinc8 Energy Solutions,"Unit 1, 8765 Ash Street",,Vancouver,BC,TOP 50 - ZOWSLEY,0,22313
