CUSTOMER,CITY,PROV,TERRITORY,SALESREP,SALESREP2,SUBTYPE,YTD,YTD-1,YTD-2,YTD-3,YTD-5,AVERAGE,QUOTA
"3 Phase Power Systems Inc.","Prince George",BC,BC,ALYTE,ZOWSLEY,"2. TARGET (OUTSIDE)",0,0,0,6069.57,0,1213.914,0
"3 Phase Power Systems Inc.  (H/O)",Delta,BC,BC,ALYTE,ZOWSLEY,,0,0,0,0,0,0,0
"4th Quadrant Solutions Inc.",Calgary,AB,ALBERTA,ALYTE,ZOWSLEY,"5. QUALIFIED LOW",0,0,0,0,0,0,0
"Aarcomm Systems Inc.",Coquitlam,BC,BC,ALYTE,ZOWSLEY,,0,0,0,0,408.14,81.628,0
"ABB Ber Mac",Calgary,AB,ALBERTA,ALYTE,ZOWSLEY,"3. GOOD PROSPECT",0,0,0,0,0,0,0
"ABB Inc.",Calgary,AB,ALBERTA,ALYTE,ZOWSLEY,"3. GOOD PROSPECT",0,0,0,0,0,0,20000
"Acceleware Ltd.",Calgary,AB,ALBERTA,ALYTE,ZOWSLEY,"2. TARGET (OUTSIDE)",0,0,0,0,34417,6883.4,0
"Accurate Power Group",Vancouver,BC,BC,ALYTE,ZOWSLEY,"3. GOOD PROSPECT",0,2896.56,0,0,0,579.312,0
"ACR Fuller Group",Nisku,AB,ALBERTA,ALYTE,ZOWSLEY,,0,0,7308,0,0,1461.6,0
"ACR Systems Inc.",Surrey,BC,BC,ALYTE,ZOWSLEY,"6. NEW PROSPECT",0,0,0,0,0,0,0
"Acutec Systems Ltd.",Lampman,SK,PRAIRIES,JBELANGER,ZOWSLEY,"3. GOOD PROSPECT",0,0,0,0,0,0,0
"Advanced Cyclotron Systems, Inc.",Richmond,BC,BC,ALYTE,ZOWSLEY,,140.62,718.56,1734.66,750.12,745.39,817.87,0
"Advanced Flow Systems Inc.","Maple Ridge",BC,BC,ALYTE,ZOWSLEY,"5. QUALIFIED LOW",0,0,0,0,0,0,0
"Advanced Systems Integrators Ltd.",Surrey,BC,BC,ALYTE,ZOWSLEY,"5. QUALIFIED LOW",0,0,0,493.46,88.6,116.412,0
"AEC Industrial Solutions","Red Deer County",AB,ALBERTA,ALYTE,ZOWSLEY,"TOP 50 - ZOWSLEY",0,22259.52,8110.48,0,8678.4,7809.68,20000
"Aerocorp Avionic Solutions Inc.",Calgary,AB,ALBERTA,ALYTE,ZOWSLEY,,0,0,0,8399,78.4,1695.48,0
"Agricultural Technology Centre",Lethbridge,AB,ALBERTA,ALYTE,ZOWSLEY,"3. GOOD PROSPECT",0,0,0,0,0,0,0
"AI Radar",Vancouver,BC,BC,ALYTE,ZOWSLEY,,0,2897,0,0,0,579.4,0
"Aircom Instrumentation Ltd",Edmonton,AB,ALBERTA,ALYTE,ZOWSLEY,"6. NEW PROSPECT",0,4863.38,2333.92,876.1,0,1614.68,0
"AKVA Group North America Inc  (H/O)","Campbell River",BC,BC,ALYTE,ZOWSLEY,"2. TARGET (OUTSIDE)",0,0,0,642,10520,2232.4,0
"Alberta Industrial Controls & Drives Inc.",Edmonton,AB,ALBERTA,ALYTE,ZOWSLEY,"3. GOOD PROSPECT",0,7084.93,2372.28,3035.17,3317.26,3161.928,6000
"Alberta Machine Intelligence Institute",Edmonton,AB,ALBERTA,ALYTE,ZOWSLEY,,0,0,0,0,125.12,25.024,0
"Alberta Mobile Power Systems",Leduc,AB,ALBERTA,ALYTE,ZOWSLEY,,0,0,153.46,1857.95,600.82,522.446,0
"Alberta Oil Tool",Edmonton,AB,ALBERTA,ALYTE,ZOWSLEY,"3. GOOD PROSPECT",0,0,0,0,0,0,0
"Alberta Power (2000) Ltd.",Forestburg,AB,ALBERTA,ALYTE,ZOWSLEY,"6. NEW PROSPECT",0,2255,0,0,0,451,0
"Alberta Power (2000) Ltd.",Hanna,AB,ALBERTA,ALYTE,ZOWSLEY,"ZZ$EXISTING ACCOUNT$",0,529.45,0,459.2,0,197.73,0
"Allied Cathodic Services L.P.",Estevan,SK,PRAIRIES,JBELANGER,ZOWSLEY,"3. GOOD PROSPECT",0,0,893.7,2663.1,4142.6,1539.88,2000
"Allteck Line Contractors, Inc.","Dawson Creek",BC,BC,ALYTE,ZOWSLEY,,0,0,0,0,0,0,0
"Alpha Technologies Ltd.",Burnaby,BC,BC,ALYTE,ZOWSLEY,"TOP 50 - ZOWSLEY",0,84572,0,57298.5,540,28482.1,50000
"Alpine Aerotech Ltd",Kelowna,BC,BC,ALYTE,ZOWSLEY,"3. GOOD PROSPECT",0,0,0,0,0,0,0
"AltaGas Operating Partnership",Edmonton,AB,ALBERTA,ALYTE,ZOWSLEY,"3. GOOD PROSPECT",0,0,0,0,636,127.2,0
"AltaStream Energy Inc.",Delta,BC,BC,ALYTE,ZOWSLEY,"3. GOOD PROSPECT",0,0,0,0,0,0,0
"Always On UPS Systems Canada Inc.",Kelowna,BC,BC,ALYTE,ZOWSLEY,,0,0,0,0,0,0,0
"Amaritech Electric & Controls Ltd.","Red Deer",AB,ALBERTA,ALYTE,ZOWSLEY,"6. NEW PROSPECT",0,0,0,0,0,0,0
"Ametek Canada LP",Calgary,AB,ALBERTA,ALYTE,ZOWSLEY,"2. TARGET (OUTSIDE)",0,0,0,824,22443.75,4653.55,0
"Analytic Systems Inc.",Delta,BC,BC,ALYTE,ZOWSLEY,,0,0,0,0,0,0,0
"Andritz Automation",Richmond,BC,BC,ALYTE,ZOWSLEY,,0,0,0,0,0,0,25000
"Angstrom Power Incorporated","North Vancouver",BC,BC,ALYTE,ZOWSLEY,"3. GOOD PROSPECT",0,0,0,0,0,0,0
"Anodyne Electronics Manufacturing Corp.",Kelowna,BC,BC,ALYTE,ZOWSLEY,"2. TARGET (OUTSIDE)",0,0,6525,2085,0,1722,0
"ARP Automation Controls Inc.","High River",AB,ALBERTA,ALYTE,ZOWSLEY,,0,1353.36,0,0,1484.58,567.588,0
"ATCO Electric Ltd.","Slave Lake",AB,ALBERTA,ALYTE,ZOWSLEY,"5. QUALIFIED LOW",0,0,0,0,0,0,0
"ATCO Electric Ltd.                 (H/O)",Edmonton,AB,ALBERTA,ALYTE,ZOWSLEY,"ZZ$EXISTING ACCOUNT$",0,0,0,0,0,0,0
"Atlantis Submarines Int'l Inc.",Vancouver,BC,BC,ALYTE,ZOWSLEY,"ZZ$EXISTING ACCOUNT$",665.8,1066.6,0,0,1180.09,582.498,0
"ATTAbotics Inc.",Calgary,AB,ALBERTA,ALYTE,ZOWSLEY,"2. TARGET (OUTSIDE)",0,2517.48,3776.22,0,15468,4352.34,0
"August Electronics Inc.",Calgary,AB,ALBERTA,ALYTE,ZOWSLEY,"2. TARGET (INSIDE)",0,0,0,0,293.16,58.632,5000
"Avigilon Corporation",Vancouver,BC,BC,ALYTE,ZOWSLEY,,0,0,461.73,0,0,92.346,0
"Awesense Inc.",Vancouver,BC,BC,ALYTE,ZOWSLEY,,0,0,0,0,0,0,0
"AXYS Technologies Inc.",Sidney,BC,BC,ALYTE,ZOWSLEY,,0,3177.48,3568.14,3281.6,2447.91,2495.026,0
"Babcock Canada Inc.",Victoria,BC,BC,ALYTE,ZOWSLEY,,0,0,0,0,4027.5,805.5,0
"Baker Hughes Canada Company",Leduc,AB,ALBERTA,ALYTE,ZOWSLEY,"TOP 50 - ZOWSLEY",0,55108.03,51381.99,47557.67,78746.45,46558.828,55000
"Baker Hughes Canada Company",Calgary,AB,ALBERTA,ALYTE,ZOWSLEY,,0,0,0,0,0,0,10000
"Baker Hughes Canada Company","Red Deer",AB,ALBERTA,ALYTE,ZOWSLEY,"4. BRANCH ACCOUNT",0,0,0,0,0,0,0
"Ballard Power Systems Inc.",Burnaby,BC,BC,ALYTE,ZOWSLEY,"2. TARGET (OUTSIDE)",0,0,104.2,3851,73053.15,15401.67,0
"BC Cancer Research Centre",Vancouver,BC,BC,ALYTE,ZOWSLEY,,0,0,0,0,0,0,0
"BC Hydro",Surrey,BC,BC,ALYTE,ZOWSLEY,,0,0,475.76,3917.81,760.87,1030.888,0
"BC Hydro",Mission,BC,BC,ALYTE,ZOWSLEY,"3. GOOD PROSPECT",0,0,0,0,0,0,0
"BC Hydro",Surrey,BC,BC,ALYTE,ZOWSLEY,,0,4485.81,0,0,0,897.162,0
"BC Hydro","South Slocan",BC,BC,ALYTE,ZOWSLEY,,0,0,0,0,0,0,0
"BC Hydro",Burnaby,BC,BC,ALYTE,ZOWSLEY,,0,0,0,0,0,0,0
"BC Hydro",Trail,BC,BC,ALYTE,ZOWSLEY,"3. GOOD PROSPECT",0,0,0,0,268.28,53.656,0
"BC Hydro",Burnaby,BC,BC,ALYTE,ZOWSLEY,,0,0,5137.07,0,0,1027.414,0
"BC Hydro",Burnaby,BC,BC,ALYTE,ZOWSLEY,,0,0,0,0,0,0,20000
"BC Hydro Accounts Payable",Burnaby,BC,BC,ALYTE,ZOWSLEY,,0,0,0,0,0,0,0
"BCIT - Aerospace",Richmond,BC,BC,ALYTE,ZOWSLEY,"3. GOOD PROSPECT",0,0,35703,0,0,7140.6,0
"BCIT - Burnaby Campus",Burnaby,BC,BC,ALYTE,ZOWSLEY,"2. TARGET (OUTSIDE)",0,4817.4,0,7200,125007.8,27405.04,0
"Bill Tek Electronics","Sherwood Park",AB,ALBERTA,ALYTE,ZOWSLEY,,0,0,0,0,0,0,0
"Blackbriar Systems",Vancouver,BC,BC,ALYTE,ZOWSLEY,,0,3360,0,0,0,672,0
"Blackline Safety Corp.",Calgary,AB,ALBERTA,ALYTE,ZOWSLEY,"2. TARGET (OUTSIDE)",0,5075,1509,2800.71,1010.11,2078.964,0
"Blue Spark Energy Inc.",Calgary,AB,ALBERTA,ALYTE,ZOWSLEY,,0,0,0,3167.2,0,633.44,5000
"Boeing Canada Technology",Winnipeg,MB,PRAIRIES,JBELANGER,ZOWSLEY,"ZZ TOP-100 (INSIDE)",0,0,0,0,0,0,0
"Borets Canada Ltd.",Nisku,AB,ALBERTA,ALYTE,ZOWSLEY,,0,0,0,0,477.9,95.58,0
"Boundary Electric (1985) Ltd.","Grand Forks",BC,BC,ALYTE,ZOWSLEY,"2. TARGET (INSIDE)",0,0,3438.16,364.23,1659.45,1092.368,0
"Brandt Industries Canada",Regina,SK,PRAIRIES,JBELANGER,ZOWSLEY,"TOP 50 - ZOWSLEY",1405.67,54372.2,10731.84,0,0,13301.942,35000
"Brandt Industries Canada Ltd.",Saskatoon,SK,PRAIRIES,JBELANGER,ZOWSLEY,,0,421.7,1861.44,0,0,456.628,0
"British Columbia Rapid Transit Company Limited",Burnaby,BC,BC,ALYTE,ZOWSLEY,"2. TARGET (OUTSIDE)",0,0,2940,11246,0,2837.2,0
"C & V Portable Accomodations Ltd.",Calgary,AB,ALBERTA,ALYTE,ZOWSLEY,,0,0,0,0,0,0,0
"C FER Technologies",Edmonton,AB,ALBERTA,ALYTE,ZOWSLEY,,0,3497.76,0,0,0,699.552,0
"C FER Technologies (1999) Inc.",Edmonton,AB,ALBERTA,ALYTE,ZOWSLEY,"2. TARGET (OUTSIDE)",0,5491.2,1616.02,20749.88,21960.88,9963.596,0
"CalFrac Well Services Ltd.","Medicine Hat",AB,ALBERTA,ALYTE,ZOWSLEY,"3. GOOD PROSPECT",0,0,0,0,0,0,0
"Calfrac Well Services Ltd.",Calgary,AB,ALBERTA,ALYTE,ZOWSLEY,,0,0,0,0,0,0,0
"Calian Advanced Technologies",Saskatoon,SK,PRAIRIES,JBELANGER,ZOWSLEY,"3. GOOD PROSPECT",0,0,2039.9,3978.3,0,1203.64,0
"Cam Tran Co. Ltd.","Spruce Grove",AB,ALBERTA,ALYTE,ZOWSLEY,,0,0,0,0,0,0,0
"Camosun College",Victoria,BC,BC,ALYTE,ZOWSLEY,"2. TARGET (OUTSIDE)",0,0,0,0,29874.4,5974.88,0
"Campbell Scientific (Canada) Corp.",Edmonton,AB,ALBERTA,ALYTE,ZOWSLEY,COMPETITION,0,0,0,0,0,0,0
"Canadian Advanced ESP",Edmonton,AB,ALBERTA,ALYTE,ZOWSLEY,"6. NEW PROSPECT",0,1022.04,983.2,0,0,401.048,0
"Canadian Light Source Inc.",Saskatoon,SK,PRAIRIES,JBELANGER,ZOWSLEY,"2. TARGET (OUTSIDE)",0,0,0,0,0,0,0
"Canadian Natural Resources Ltd.",Bonnyville,AB,ALBERTA,ALYTE,ZOWSLEY,"3. GOOD PROSPECT",0,0,0,0,0,0,0
"Canadian Natural Resources Ltd.",Edmonton,AB,ALBERTA,ALYTE,ZOWSLEY,"2. TARGET (INSIDE)",0,0,0,0,0,0,0
"CARMA Corp.","Port Coquitlam",BC,BC,ALYTE,ZOWSLEY,,0,4355.65,1243.48,0,1037.97,1327.42,0
"CARMA Corp.",Edmonton,AB,ALBERTA,ALYTE,ZOWSLEY,,1759.41,7377.35,7936.43,6320.96,6613.01,6001.432,0
"CARMA Corp.",Calgary,AB,ALBERTA,ALYTE,ZOWSLEY,,0,1672.5,3665.08,1215.01,3449.39,2000.396,0
"Carmanah Technologies Corp.",Victoria,BC,BC,ALYTE,ZOWSLEY,"2. TARGET (INSIDE)",0,0,0,0,0,0,5000
"Caron Measurement & Controls Ltd.",Valleyview,AB,ALBERTA,ALYTE,ZOWSLEY,"6. NEW PROSPECT",0,7010.64,5601.96,414.4,2197.8,3044.96,0
"Carte International Inc.",Winnipeg,MB,PRAIRIES,JBELANGER,ZOWSLEY,"TOP 50 - ZOWSLEY",0,187791.05,55615.37,64480.17,3223.08,67490.438,160000
"CD Controls Ltd.",Estevan,SK,PRAIRIES,JBELANGER,ZOWSLEY,"3. GOOD PROSPECT",0,0,0,450.26,0,90.052,16000
"Celco Controls Ltd.",Winnipeg,MB,PRAIRIES,JBELANGER,ZOWSLEY,"2. TARGET (INSIDE)",0,0,302.7,135.41,210.62,129.746,0
"Cenovus Energy Inc.","Christina Lake",AB,ALBERTA,ALYTE,ZOWSLEY,,0,398823.06,332500,140148.7,117431,197780.552,0
"Cenovus Energy Inc.                (H/O)",Calgary,AB,ALBERTA,ALYTE,ZOWSLEY,"TOP 50 - ZOWSLEY",18743.48,372269.93,378868,178067.05,197478.41,229085.374,650000
"Central Aircraft Maintenance",Saskatoon,SK,PRAIRIES,JBELANGER,ZOWSLEY,,0,0,5350.1,0,0,1070.02,0
"Century Electric (1985) Ltd.",Calgary,AB,ALBERTA,ALYTE,ZOWSLEY,"2. TARGET (INSIDE)",0,0,0,0,0,0,10000
"Charlton and Hill Welding",Lethbridge,AB,ALBERTA,ALYTE,ZOWSLEY,,0,0,0,0,0,0,0
"ClearStream Energy Services LP",Edmonton,AB,ALBERTA,ALYTE,ZOWSLEY,,0,0,0,857.25,3553.2,882.09,0
"Coanda Research & Development Corporation (H/O)",Burnaby,BC,BC,ALYTE,ZOWSLEY,,0,0,0,0,0,0,0
"College of the Rockies",Cranbrook,BC,BC,ALYTE,ZOWSLEY,"5. QUALIFIED LOW",0,0,0,4788.8,0,957.76,0
"Comar Electrical Services Ltd.","Port Coquitlam",BC,BC,ALYTE,ZOWSLEY,"2. TARGET (INSIDE)",0,2308.9,3425.71,5656.44,2418.43,2761.896,0
"Combustion Solutions Inc.",Squamish,BC,BC,ALYTE,ZOWSLEY,"6. NEW PROSPECT",0,0,1232,0,3406.77,927.754,0
"Comco Manufacturing Ltd.",Saskatoon,SK,PRAIRIES,JBELANGER,ZOWSLEY,"5. QUALIFIED LOW",0,0,0,0,0,0,0
"Conoco Phillips Canada",Calgary,AB,ALBERTA,ALYTE,ZOWSLEY,"2. TARGET (INSIDE)",0,0,0,0,1873.8,374.76,0
"Continental Electrical Motor Services Ltd.",Edmonton,AB,ALBERTA,ALYTE,ZOWSLEY,"4. BRANCH ACCOUNT",0,0,0,0,0,0,0
"Control Innovations Inc.",Calgary,AB,ALBERTA,ALYTE,ZOWSLEY,"TOP 50 - ZOWSLEY",0,28265.33,8207.87,0,11111.04,9516.848,25000
"Control Tech 2011 Ltd.","Grande Prairie",AB,ALBERTA,ALYTE,ZOWSLEY,,0,0,0,0,447.56,89.512,0
"Conuma Cable","Gold River",BC,BC,ALYTE,ZOWSLEY,,0,0,0,0,0,0,0
"Corcym Canada Corp.",Burnaby,BC,BC,ALYTE,ZOWSLEY,,0,0,4838.4,0,5400,2047.68,0
"Corrpro Canada Inc.",Edmonton,AB,ALBERTA,ALYTE,ZOWSLEY,,0,348.6,32272.75,22263.42,35896.72,18156.298,40000
"Corvus Energy Ltd.",Richmond,BC,BC,ALYTE,ZOWSLEY,"2. TARGET (OUTSIDE)",0,0,1192,1974,3813,1395.8,0
"Critical Environment",Delta,BC,BC,ALYTE,ZOWSLEY,"3. GOOD PROSPECT",0,0,0,0,0,0,0
"CSA Group Testing & Certification Inc",Edmonton,AB,ALBERTA,ALYTE,ZOWSLEY,,0,0,0,0,0,0,0
"CSA Group Testing & Certification Inc",Langley,BC,BC,ALYTE,ZOWSLEY,,0,0,0,2000,0,400,0
"CSA Group Testing & Certification Inc",Richmond,BC,BC,ALYTE,ZOWSLEY,,0,0,0,0,0,0,0
"Cummins Western Canada",Saskatoon,SK,PRAIRIES,JBELANGER,ZOWSLEY,,0,0,0,0,0,0,0
"Custom Energy Equipment Services",Edmonton,AB,ALBERTA,ALYTE,ZOWSLEY,,0,0,226.8,0,177,80.76,0
"Damon Motorcycles Inc.",Vancouver,BC,BC,ALYTE,ZOWSLEY,"2. TARGET (OUTSIDE)",0,881,57273.6,0,0,11630.92,0
"DarkVision Technologies Inc.","North Vancouver",BC,BC,ALYTE,ZOWSLEY,,0,2639,0,614,0,650.6,0
"Deloro Resources",Lloydminster,AB,ALBERTA,ALYTE,ZOWSLEY,"3. GOOD PROSPECT",0,0,0,0,0,0,0
"Delta Controls Inc.",Surrey,BC,BC,ALYTE,ZOWSLEY,"6. NEW PROSPECT",0,847,0,2834,0,736.2,0
"Delta Q Technologies",Burnaby,BC,BC,ALYTE,ZOWSLEY,"TOP 50 - ZOWSLEY",18511.7,52154.6,34901.05,0,0,21113.47,40000
"Dept of National Defence",Victoria,BC,BC,ALYTE,ZOWSLEY,"3. GOOD PROSPECT",0,0,0,0,337.28,67.456,0
"Dimos Tool & Die / Labtronics",Winnipeg,MB,PRAIRIES,JBELANGER,ZOWSLEY,"TOP 50 - ZOWSLEY",0,15382.5,14444.5,32452,15920,15639.8,15000
"DNOW Canada ULC",Calgary,AB,ALBERTA,ALYTE,ZOWSLEY,"3. GOOD PROSPECT",0,0,0,0,0,0,0
"DNOW Canada ULC","Fort McMurray",AB,ALBERTA,ALYTE,ZOWSLEY,,0,1848,0,0,0,369.6,0
"Donald Robinson",Regina,SK,PRAIRIES,JBELANGER,ZOWSLEY,,0,36466.04,0,0,0,7293.208,0
"Dow Chemical Canada ULC","Fort Saskatchewan",AB,ALBERTA,ALYTE,ZOWSLEY,"3. GOOD PROSPECT",0,1310.68,4639.6,11414.74,4289.22,4330.848,0
"Dow Chemical Canada ULC","LaCombe County",AB,ALBERTA,ALYTE,ZOWSLEY,"4. BRANCH ACCOUNT",0,0,2424.8,0,100.88,505.136,0
Drilformance,Leduc,AB,ALBERTA,ALYTE,ZOWSLEY,,0,0,0,0,0,0,0
"Dycor Technologies Inc.",Edmonton,AB,ALBERTA,ALYTE,ZOWSLEY,COMPETITION,0,0,0,1934,0,386.8,0
"Dynamo Electric",Saskatoon,SK,PRAIRIES,JBELANGER,ZOWSLEY,"2. TARGET (INSIDE)",0,0,0,3470.71,771.91,848.524,0
"Dynamo Electric",Regina,SK,PRAIRIES,JBELANGER,ZOWSLEY,"2. TARGET (INSIDE)",0,0,1428.18,78.58,2129.25,727.202,0
"Dynastream Innovations Inc.",Cochrane,AB,ALBERTA,ALYTE,ZOWSLEY,"3. GOOD PROSPECT",0,0,0,0,0,0,0
"Eaton Industries (Canada) Company",Delta,BC,BC,ALYTE,ZOWSLEY,"2. TARGET (INSIDE)",0,4995.84,7190.89,1696.49,1872.91,3151.226,10000
"Eaton Industries (Canada) Company",Edmonton,AB,ALBERTA,ALYTE,ZOWSLEY,,0,0,0,0,0,0,0
"Eguana Technologies Inc.",Calgary,AB,ALBERTA,ALYTE,ZOWSLEY,"TOP 50 - ZOWSLEY",0,94990,50981,19149.75,0,33024.15,50000
"Elecon Systems Ltd.",Edmonton,AB,ALBERTA,ALYTE,ZOWSLEY,"2. TARGET (OUTSIDE)",0,13949.95,11063.99,5878.31,6226.51,7423.752,0
"ElectraMeccanica Vehicles Corp.",Vancouver,BC,BC,ALYTE,ZOWSLEY,,0,0,0,0,2343.15,468.63,0
"Electrical Controls Manufacturing Inc.",Edmonton,AB,ALBERTA,ALYTE,ZOWSLEY,"2. TARGET (OUTSIDE)",0,5716.64,7707.59,655.36,2506.56,3317.23,0
"Electrotek Ltd.",Calgary,AB,ALBERTA,ALYTE,ZOWSLEY,"TOP 50 - ZOWSLEY",0,54689.66,56468.64,54067.03,34338.28,39912.722,55000
"Emery Electric Ltd.",Victoria,BC,BC,ALYTE,ZOWSLEY,"6. NEW PROSPECT",0,1952.47,3894,700.63,2563.15,1822.05,0
"Enerflex Ltd.",Calgary,AB,ALBERTA,ALYTE,ZOWSLEY,"2. TARGET (OUTSIDE)",0,0,0,1312.44,447.04,351.896,20000
"Enerkem AERF",Edmonton,AB,ALBERTA,ALYTE,ZOWSLEY,,0,1463.28,0,0,772.2,447.096,0
"ENMAX Power Services Corporation (H/O)",Calgary,AB,ALBERTA,ALYTE,ZOWSLEY,,0,0,0,0,0,0,0
"EPCOR (Head Office)",Edmonton,AB,ALBERTA,ALYTE,ZOWSLEY,"ZZ TOP-100 (INSIDE)",0,0,0,0,0,0,0
"Equinox Power Innovations Inc.",Burnaby,BC,BC,ALYTE,ZOWSLEY,,2808.8,3515.38,0,0,0,1264.836,0
"ERL Phase Power Technologies Ltd.",Winnipeg,MB,PRAIRIES,JBELANGER,ZOWSLEY,"6. NEW PROSPECT",0,0,0,0,0,0,0
"Essential Energy Services","Medicine Hat",AB,ALBERTA,ALYTE,ZOWSLEY,,0,0,0,0,0,0,0
"ET Energy Ltd.",Calgary,AB,ALBERTA,ALYTE,ZOWSLEY,"3. GOOD PROSPECT",0,0,0,0,0,0,0
"Evolution Electrical Products Inc",Saskatoon,SK,PRAIRIES,JBELANGER,ZOWSLEY,"TOP 50 - ZOWSLEY",9666.38,120742.77,16212.57,5595.55,0,30443.454,100000
"Excell Battery Company",Surrey,BC,BC,ALYTE,ZOWSLEY,"2. TARGET (INSIDE)",0,0,0,0,0,0,5000
"Exell Power Services Ltd.",Surrey,BC,BC,ALYTE,ZOWSLEY,"2. TARGET (OUTSIDE)",0,294.95,33977.06,6387.45,0,8131.892,40000
"Exro Technologies Inc. (H/O)",Calgary,AB,ALBERTA,ALYTE,ZOWSLEY,"TOP 50 - ZOWSLEY",0,72302.96,1015665.35,228392,0,263272.062,150000
"Finning (Canada)",Surrey,BC,BC,ALYTE,ZOWSLEY,"3. GOOD PROSPECT",0,311.74,844.78,1524.24,1232.4,782.632,5000
"Finning (Canada)        (H/O)",Edmonton,AB,ALBERTA,ALYTE,ZOWSLEY,"2. TARGET (INSIDE)",0,0,0,0,0,0,0
"Flint Energy Services Ltd.",Calgary,AB,ALBERTA,ALYTE,ZOWSLEY,"3. GOOD PROSPECT",0,0,0,0,5033.2,1006.64,0
"Flint Energy Services Ltd.",Clairmont,AB,ALBERTA,ALYTE,ZOWSLEY,,0,5106.92,1967,692.66,0,1553.316,0
"Flir Systems, Inc.",Victoria,BC,BC,ALYTE,ZOWSLEY,,0,0,0,0,1289,257.8,0
"Fluxwerx Illumination Inc.",Surrey,BC,BC,ALYTE,ZOWSLEY,"2. TARGET (INSIDE)",0,0,0,0,0,0,5000
"FMC Technologies Canada Ltd.","Red Deer",AB,ALBERTA,ALYTE,ZOWSLEY,,0,0,0,0,0,0,0
"Foremost Industries LP",Calgary,AB,ALBERTA,ALYTE,ZOWSLEY,,0,0,4212.9,2433.9,3345.2,1998.4,10000
FPInnovations,Vancouver,BC,BC,ALYTE,ZOWSLEY,"3. GOOD PROSPECT",0,0,0,0,4689.7,937.94,0
"Frontier Power Products",Edmonton,AB,ALBERTA,ALYTE,ZOWSLEY,"2. TARGET (INSIDE)",0,22051.33,5012.35,3238.17,3163.63,6693.096,0
"Frontier Power Products",Calgary,AB,ALBERTA,ALYTE,ZOWSLEY,"2. TARGET (INSIDE)",0,5131.69,7159.57,5205.6,2747.91,4048.954,0
"Frontier Power Products ULC  (H/O)",Delta,BC,BC,ALYTE,ZOWSLEY,,0,3897.8,3689.95,3186.92,3465.83,2848.1,0
"FVT Research Inc.","Pitt Meadows",BC,BC,ALYTE,ZOWSLEY,,0,0,0,0,0,0,0
"G2V Optics Inc.",Edmonton,AB,ALBERTA,ALYTE,ZOWSLEY,,0,4091.9,0,0,733,964.98,0
"GaNPower International Inc.",Vancouver,BC,BC,ALYTE,ZOWSLEY,"TOP 50 - ZOWSLEY",0,10484.65,0,0,0,2096.93,10000
"GE Power",Richmond,BC,BC,ALYTE,ZOWSLEY,"5. QUALIFIED LOW",0,0,0,0,0,0,0
"General Electric Canada","Sherwood Park",AB,ALBERTA,ALYTE,ZOWSLEY,,0,0,0,0,0,0,0
"General Energy Recovery Inc.",Lloydminster,AB,ALBERTA,ALYTE,ZOWSLEY,,0,0,1181.6,897.4,2635.2,942.84,0
"General Fusion Inc",Burnaby,BC,BC,ALYTE,ZOWSLEY,,0,16357,0,0,0,3271.4,0
"General Window Products of Canada Limited",Winnipeg,MB,PRAIRIES,JBELANGER,ZOWSLEY,,0,0,0,0,0,0,0
"Genesis Robotics & Motion Technologies Canada ULC",Langley,BC,BC,ALYTE,ZOWSLEY,"2. TARGET (OUTSIDE)",0,101.08,25217,44315.25,20507.25,18028.116,30000
"GEO Pressure Systems Inc.",Calgary,AB,ALBERTA,ALYTE,ZOWSLEY,,0,519,1656.62,0,0,435.124,0
"Global Power Technologies Inc.",Calgary,AB,ALBERTA,ALYTE,ZOWSLEY,"2. TARGET (OUTSIDE)",0,10243.5,4580.33,3955.81,5731.76,4902.28,0
"GMR Electric Motors Ltd.",Saskatoon,SK,PRAIRIES,JBELANGER,ZOWSLEY,,0,0,0,2381,0,476.2,2000
"GN Corporations Inc.",Airdrie,AB,ALBERTA,ALYTE,ZOWSLEY,"3. GOOD PROSPECT",0,0,0,0,0,0,0
"Gradient Thermal Inc.",Calgary,AB,ALBERTA,ALYTE,ZOWSLEY,,0,0,0,0,0,0,0
"Grande Prairie Fluid System Technologies Inc.","Grande Prairie",AB,ALBERTA,ALYTE,ZOWSLEY,,0,0,0,4503.6,0,900.72,0
"Great North Wellhead & Frac",Edmonton,AB,ALBERTA,ALYTE,ZOWSLEY,"2. TARGET (OUTSIDE)",0,0,24270,672.3,20802.8,9149.02,20000
"Greenlight Innovation Corp.",Burnaby,BC,BC,ALYTE,ZOWSLEY,"2. TARGET (OUTSIDE)",0,0,3720,13113,0,3366.6,0
"Gulf Islands Cable",Surrey,BC,BC,ALYTE,ZOWSLEY,,0,0,0,0,0,0,0
"Hagen Electric Ltd.",Lethbridge,AB,ALBERTA,ALYTE,ZOWSLEY,,0,486.77,563.85,537.63,201.34,357.918,0
"Halliburton Group Canada - Nisku North",Nisku,AB,ALBERTA,ALYTE,ZOWSLEY,"TOP 50 - ZOWSLEY",2837.7,296946.28,62343.1,4558.4,0,73337.096,180000
"Haul All Equipment Ltd.",Lethbridge,AB,ALBERTA,ALYTE,ZOWSLEY,"ZZ D FAIR PROSPECT",0,1300.16,1784.96,1662.12,1142.55,1177.958,0
"Hayley Industrial Electronics Ltd.",Calgary,AB,ALBERTA,ALYTE,ZOWSLEY,"TOP 50 - ZOWSLEY",9144.4,106817.17,100093.77,85444.5,115993.64,83498.696,105000
"HC Power",Edmonton,AB,ALBERTA,ALYTE,ZOWSLEY,,0,0,0,0,0,0,0
"HiFi Engineering Inc.",Calgary,AB,ALBERTA,ALYTE,ZOWSLEY,"6. NEW PROSPECT",0,1044.9,0,0,2511,711.18,0
"Hillcrest Energy Technologies",Vancouver,BC,BC,ALYTE,ZOWSLEY,"TOP 50 - ZOWSLEY",0,52822,78270,0,0,26218.4,35000
"Husky Oil Operations Limited   (H/O)",Calgary,AB,ALBERTA,ALYTE,ZOWSLEY,,0,0,30672,51120,8202.6,17998.92,0
"Icefield Tools Corporation",Whitehorse,YT,BC,ALYTE,ZOWSLEY,"6. NEW PROSPECT",0,0,16566.26,781.2,0,3469.492,0
"Icon Automation Inc.",Winnipeg,MB,PRAIRIES,JBELANGER,ZOWSLEY,"2. TARGET (INSIDE)",0,660.99,1377.87,1763.76,1316.88,1023.9,0
"Iconic Electric And Controls Inc",Calgary,AB,ALBERTA,ALYTE,ZOWSLEY,,0,0,0,0,0,0,0
"IEM Canada",Surrey,BC,BC,ALYTE,ZOWSLEY,"2. TARGET (OUTSIDE)",0,11251.87,0,1304.4,7510.78,4013.41,0
"IMG Industries Inc.",Penticton,BC,BC,ALYTE,ZOWSLEY,"TOP 50 - ZOWSLEY",0,45003.74,120705.38,49039.77,69436.01,56836.98,65000
"Indus Automation Inc.",Winnipeg,MB,PRAIRIES,JBELANGER,ZOWSLEY,,0,7583.72,4124.37,1706.42,3594.62,3401.826,0
"InnoTech Alberta",Edmonton,AB,ALBERTA,ALYTE,ZOWSLEY,"2. TARGET (INSIDE)",0,0,0,0,0,0,0
"Innovative Circuit Technology Ltd.",Aldergrove,BC,BC,ALYTE,ZOWSLEY,"2. TARGET (OUTSIDE)",0,0,15838,0,0,3167.6,0
"Integrated Power Services Inc.",Winnipeg,MB,PRAIRIES,JBELANGER,ZOWSLEY,"2. TARGET (INSIDE)",0,1429.48,2773.03,1335.21,689.76,1245.496,0
"International Electric Rigs Ltd.",Edmonton,AB,ALBERTA,ALYTE,ZOWSLEY,"2. TARGET (INSIDE)",0,0,0,0,0,0,0
"International Submarine Engineering Ltd.","Port Coquitlam",BC,BC,ALYTE,ZOWSLEY,"ZZ$EXISTING ACCOUNT$",15289.44,0,0,0,0,3057.888,0
"International Water Guard Industries Inc.",Surrey,BC,BC,ALYTE,ZOWSLEY,,0,0,1258.74,0,0,251.748,0
"Intertek Testing Servs NA Ltd.",Coquitlam,BC,BC,ALYTE,ZOWSLEY,,0,0,0,0,0,0,0
"Intertek Testing Servs NA Ltd.",Edmonton,AB,ALBERTA,ALYTE,ZOWSLEY,,0,0,0,0,0,0,0
"IPEC Systems Inc.",Edmonton,AB,ALBERTA,ALYTE,ZOWSLEY,,0,0,3500,0,0,700,0
"IRT Integrated Rectifier Technologies Inc.",Edmonton,AB,ALBERTA,ALYTE,ZOWSLEY,"TOP 50 - ZOWSLEY",642.2,56649.62,51273.1,86490.2,93869.01,57784.826,55000
"Island Technical Installations",Saanichton,BC,BC,ALYTE,ZOWSLEY,"TOP 50 - ZOWSLEY",0,72402.6,8832,0,0,16246.92,60000
"IWR Technologies Ltd.            (H/O)",Calgary,AB,ALBERTA,ALYTE,ZOWSLEY,"3. GOOD PROSPECT",0,940.8,0,0,0,188.16,0
"James & Sons Electric Ltd.",Quesnel,BC,BC,ALYTE,ZOWSLEY,,0,0,129.66,0,0,25.932,0
"Jastram Engineering Ltd.","North Vancouver",BC,BC,ALYTE,ZOWSLEY,"TOP 50 - ZOWSLEY",0,23691.4,2594.8,1235.99,0,5504.438,20000
"JB Entreprise",Beaumont,AB,ALBERTA,ALYTE,ZOWSLEY,"3. GOOD PROSPECT",0,0,0,0,0,0,0
"JenSo Controls & Electrical Ltd.","Sherwood Park",AB,ALBERTA,ALYTE,ZOWSLEY,"TOP 50 - ZOWSLEY",0,15206.79,25748.97,7214.5,9433.39,11520.73,20000
"JP Power Technology Inc.",Edmonton,AB,ALBERTA,ALYTE,ZOWSLEY,"3. GOOD PROSPECT",0,0,0,0,1700.25,340.05,5000
"JRS Industrial & Power Solutions",Winnipeg,MB,PRAIRIES,JBELANGER,ZOWSLEY,"2. TARGET (OUTSIDE)",0,0,0,9311.33,0,1862.266,0
"Kane Instrumentation Ltd.",Edmonton,AB,ALBERTA,ALYTE,ZOWSLEY,"TOP 50 - ZOWSLEY",0,17131.92,17936.94,7904.04,25486.8,13691.94,20000
"Keirton Inc.",Surrey,BC,BC,ALYTE,ZOWSLEY,,0,0,8648,0,0,1729.6,0
"Keyera Partnership",Calgary,AB,ALBERTA,ALYTE,ZOWSLEY,,0,0,0,0,0,0,0
Kinemek,Saskatoon,SK,PRAIRIES,JBELANGER,ZOWSLEY,,0,0,4073.6,0,0,814.72,0
"Kirk Richardson",Vancouver,BC,BC,ALYTE,ZOWSLEY,,0,0,1207,0,0,241.4,0
"Kobelt Manufacturing Co. Ltd.",Surrey,BC,BC,ALYTE,ZOWSLEY,"TOP 50 - ZOWSLEY",0,134374.44,116775.5,99102.95,168079,103666.378,135000
"Konecranes Canada Inc.",Calgary,AB,ALBERTA,ALYTE,ZOWSLEY,,0,0,2898,0,0,579.6,0
"Kwantlen Polytechnic University",Surrey,BC,BC,ALYTE,ZOWSLEY,"2. TARGET (OUTSIDE)",0,2536,0,0,5568,1620.8,10000
"LD Cowley and Associates Ltd.",Victoria,BC,BC,ALYTE,ZOWSLEY,,0,0,0,0,0,0,0
"Legend Power Systems Inc.",Vancouver,BC,BC,ALYTE,ZOWSLEY,,0,0,0,0,75608.92,15121.784,0
"Leonard Carter",Burnaby,BC,BC,ALYTE,ZOWSLEY,,0,6806.5,2955.4,0,0,1952.38,0
"Lifting Solutions Inc.",Edmonton,AB,ALBERTA,ALYTE,ZOWSLEY,,0,0,0,57628.04,5993.85,12724.378,0
"LJP Field Services",Calgary,AB,ALBERTA,ALYTE,ZOWSLEY,"5. QUALIFIED LOW",0,0,0,0,0,0,0
"Lochhead Haggerty Engineering",Delta,BC,BC,ALYTE,ZOWSLEY,"ZZ$EXISTING ACCOUNT$",0,254.7,0,324.42,0,115.824,0
"Lonkar Wireline Services","Red Deer",AB,ALBERTA,ALYTE,ZOWSLEY,"3. GOOD PROSPECT",0,0,0,0,0,0,0
"Lucid Vision Labs Inc",Richmond,BC,BC,ALYTE,ZOWSLEY,,0,0,0,0,0,0,0
"Luxmux Technology Corporation",Calgary,AB,ALBERTA,ALYTE,ZOWSLEY,,0,0,0,0,0,0,0
"LV Control Manufacturing",Winnipeg,MB,PRAIRIES,JBELANGER,ZOWSLEY,"2. TARGET (INSIDE)",0,806.59,1560.33,415.65,648.37,686.188,5000
"Madis Engineering Ltd.",Calgary,AB,ALBERTA,ALYTE,ZOWSLEY,"ZZ$EXISTING ACCOUNT$",0,0,0,0,1020.6,204.12,0
"Magellan Aerospace, Winnipeg",Winnipeg,MB,PRAIRIES,JBELANGER,ZOWSLEY,,0,0,1234.8,724.5,0,391.86,0
"Magna IV Engineering",Calgary,AB,ALBERTA,ALYTE,ZOWSLEY,,0,5289.76,0,2202.85,7974.26,3093.374,0
"Magna IV Engineering       (H/O)",Edmonton,AB,ALBERTA,ALYTE,ZOWSLEY,"2. TARGET (OUTSIDE)",0,0,320.28,271.94,1529.66,424.376,0
"Magnum Cementing Services Operations Ltd.",Strathmore,AB,ALBERTA,ALYTE,ZOWSLEY,"5. QUALIFIED LOW",0,0,0,0,0,0,0
"Manco Control Systems Inc.",Winnipeg,MB,PRAIRIES,JBELANGER,ZOWSLEY,"2. TARGET (OUTSIDE)",0,5782.76,5587.54,8465.37,14643.37,6895.808,10000
"Manitoba Hydro",Winnipeg,MB,PRAIRIES,JBELANGER,ZOWSLEY,"4. BRANCH ACCOUNT",0,0,0,0,915.84,183.168,30000
"Manitoba Hydro",Winnipeg,MB,PRAIRIES,JBELANGER,ZOWSLEY,"ZZ TOP-100 (INSIDE)",0,0,0,0,0,0,0
"Manitoba Hydro    (H/O)",Winnipeg,MB,PRAIRIES,JBELANGER,ZOWSLEY,,0,0,0,0,0,0,0
"Marine Canada Acquisition Inc.",Richmond,BC,BC,ALYTE,ZOWSLEY,"TOP 50 - ZOWSLEY",0,20083.76,10591,0,0,6134.952,20000
"Martech Electrical Systems Ltd.",Castlegar,BC,BC,ALYTE,ZOWSLEY,"2. TARGET (OUTSIDE)",0,0,0,0,1789.64,357.928,0
"Matrix Automation Integration and Machine Inc.",Acheson,AB,ALBERTA,ALYTE,ZOWSLEY,,0,1762,0,0,0,352.4,0
"MEG Energy Corp.",Calgary,AB,ALBERTA,ALYTE,ZOWSLEY,,0,0,0,0,0,0,0
"Meridian Power Systems Inc.","Sherwood Park",AB,ALBERTA,ALYTE,ZOWSLEY,"3. GOOD PROSPECT",0,7481.6,0,0,0,1496.32,0
"Metro Vancouver / Metrotower III",Burnaby,BC,BC,ALYTE,ZOWSLEY,,0,0,0,0,1532.52,306.504,0
"Michael Legary",Headingley,MB,PRAIRIES,JBELANGER,ZOWSLEY,,0,6421,0,0,0,1284.2,0
"Micro Tool & Machine Ltd. (MTM)",Winnipeg,MB,PRAIRIES,JBELANGER,ZOWSLEY,"TOP 50 - ZOWSLEY",0,59101.4,2725.8,36043,0,19574.04,35000
"Millenia Engineering",Calgary,AB,ALBERTA,ALYTE,ZOWSLEY,"3. GOOD PROSPECT",0,0,0,0,0,0,0
"Ming Tong",Calgary,AB,ALBERTA,ALYTE,ZOWSLEY,,0,1963,0,761.84,0,544.968,0
"MistyWest Energy & Transport Ltd.",Vancouver,BC,BC,ALYTE,ZOWSLEY,"2. TARGET (OUTSIDE)",0,0,0,12971.5,0,2594.3,0
"Mitsubishi Hitachi Power Systems Canadia Ltd.",Saskatoon,SK,PRAIRIES,JBELANGER,ZOWSLEY,"ZZ D FAIR PROSPECT",0,0,0,0,0,0,0
"Motus Design Group Ltd.",Victoria,BC,BC,ALYTE,ZOWSLEY,,0,0,11970.48,0,0,2394.096,0
"MPB Technologies Inc.",Airdrie,AB,ALBERTA,ALYTE,ZOWSLEY,,0,0,0,3745,0,749,0
"NAIT Main Campus",Edmonton,AB,ALBERTA,ALYTE,ZOWSLEY,"2. TARGET (OUTSIDE)",0,0,0,0,5707.26,1141.452,0
"NAMCO Machine & Gear Works Ltd.",Edmonton,AB,ALBERTA,ALYTE,ZOWSLEY,"2. TARGET (OUTSIDE)",0,9303.28,0,0,0,1860.656,0
"National Research Council",Vancouver,BC,BC,ALYTE,ZOWSLEY,"3. GOOD PROSPECT",0,5035.84,0,0,0,1007.168,42000
"Netint Technologies Inc.",Burnaby,BC,BC,ALYTE,ZOWSLEY,,0,0,0,0,0,0,0
"Neurio Technology",Vancouver,BC,BC,ALYTE,ZOWSLEY,,0,2748,0,0,0,549.6,0
"Neurio Technology Inc.",Vancouver,BC,BC,ALYTE,ZOWSLEY,"2. TARGET (OUTSIDE)",0,24037,2266,16637,3331,9254.2,0
"NextGen Integrated Systems Inc.",Surrey,BC,BC,ALYTE,ZOWSLEY,,0,0,2562,0,0,512.4,0
"Noram Engineering and Constructors Ltd.",Vancouver,BC,BC,ALYTE,ZOWSLEY,"3. GOOD PROSPECT",0,0,0,259.2,10502.8,2152.4,0
"North American Construction Group",Edmonton,AB,ALBERTA,ALYTE,ZOWSLEY,"3. GOOD PROSPECT",0,0,0,0,0,0,0
"Northstar Drillstem Testers Inc.",Calgary,AB,ALBERTA,ALYTE,ZOWSLEY,,0,0,0,1225,0,245,0
"Northwest Community College",Terrace,BC,BC,ALYTE,ZOWSLEY,"3. GOOD PROSPECT",0,0,0,0,0,0,0
"NOV Canada ULC",Calgary,AB,ALBERTA,ALYTE,ZOWSLEY,"2. TARGET (OUTSIDE)",0,0,3343.8,0,8743.95,2417.55,0
"NOV Canada ULC",Calgary,AB,ALBERTA,ALYTE,ZOWSLEY,,0,0,0,0,0,0,0
"Nova Chemicals",Calgary,AB,ALBERTA,ALYTE,ZOWSLEY,"ZZ D FAIR PROSPECT",0,0,487.2,0,0,97.44,0
"NOVA Chemicals Corporation","Lacombe County",AB,ALBERTA,ALYTE,ZOWSLEY,,0,56.64,0,0,1991.25,409.578,0
"NOVA Gas Transmission Ltd.      (H/O)",Calgary,AB,ALBERTA,ALYTE,ZOWSLEY,"3. GOOD PROSPECT",0,0,0,0,0,0,0
"NovAtel Inc.",Calgary,AB,ALBERTA,ALYTE,ZOWSLEY,"TOP 50 - ZOWSLEY",0,65650,37908,8166,66955,35735.8,55000
"NRC Herzberg Astronomy and Astrophysics",Penticton,BC,BC,ALYTE,ZOWSLEY,,0,0,0,0,0,0,0
"NYIT Vancouver",Vancouver,BC,BC,ALYTE,ZOWSLEY,,0,0,0,0,0,0,0
"Oce Display Graphics Systems Inc.",Richmond,BC,BC,ALYTE,ZOWSLEY,"3. GOOD PROSPECT",0,0,0,0,0,0,0
"Okanagan College",Kelowna,BC,BC,ALYTE,ZOWSLEY,"2. TARGET (OUTSIDE)",0,0,12285,0,0,2457,0
"Oleg Gritsev",Calgary,AB,ALBERTA,ALYTE,ZOWSLEY,,1583,0,0,0,0,316.6,0
"Opcon Inc.",Calgary,AB,ALBERTA,ALYTE,ZOWSLEY,,0,0,0,504.4,0,100.88,0
"Pace Technologies",Edmonton,AB,ALBERTA,ALYTE,ZOWSLEY,,0,0,0,0,524.9,104.98,0
"Panelflex Ltd.",Calgary,AB,ALBERTA,ALYTE,ZOWSLEY,"3. GOOD PROSPECT",0,0,0,0,17.85,3.57,0
"Pason Systems Corp.",Calgary,AB,ALBERTA,ALYTE,ZOWSLEY,,0,0,0,0,0,0,5000
"Patton & Cooke Ltd.",Surrey,BC,BC,ALYTE,ZOWSLEY,,0,0,0,0,4217.21,843.442,7000
"PCA Valence Engineering Technologies Ltd (H/O)",Calgary,AB,ALBERTA,ALYTE,ZOWSLEY,"2. TARGET (INSIDE)",0,0,2863.46,187.14,2012.22,1012.564,0
"Peco Electrical Ltd.",Leduc,AB,ALBERTA,ALYTE,ZOWSLEY,"2. TARGET (INSIDE)",0,688.98,860.1,2817,1188.68,1110.952,0
"Pembina Pipeline Corporation",Calgary,AB,ALBERTA,ALYTE,ZOWSLEY,,0,0,0,0,0,0,0
"Penticton Foundry Ltd.",Penticton,BC,BC,ALYTE,ZOWSLEY,,0,0,0,1583.28,0,316.656,0
"Perm Inc.",Calgary,AB,ALBERTA,ALYTE,ZOWSLEY,"3. GOOD PROSPECT",0,0,0,0,0,0,0
"Petrospec Engineering Ltd","Sherwood Park",AB,ALBERTA,ALYTE,ZOWSLEY,"2. TARGET (OUTSIDE)",0,0,0,0,0,0,0
"Philtek Electronics Ltd.",Richmond,BC,BC,ALYTE,ZOWSLEY,"3. GOOD PROSPECT",0,0,683.46,3149.4,2323.91,1231.354,8000
"Photon Control Inc.",Richmond,BC,BC,ALYTE,ZOWSLEY,"2. TARGET (OUTSIDE)",0,4405,9452.5,0,0,2771.5,0
"Piebiak Farms Inc.",Eaglesham,AB,ALBERTA,ALYTE,ZOWSLEY,,0,0,1610.92,0,0,322.184,0
"Pioneer Petrotech Services Inc.",Calgary,AB,ALBERTA,ALYTE,ZOWSLEY,"3. GOOD PROSPECT",0,0,0,0,0,0,0
"Planar Motor Inc.",Richmond,BC,BC,ALYTE,ZOWSLEY,,0,0,3526,0,0,705.2,0
"Polyphase Engineered Controls",Edmonton,AB,ALBERTA,ALYTE,ZOWSLEY,"3. GOOD PROSPECT",0,0,0,0,0,0,0
"Portable Electric Ltd.",Vancouver,BC,BC,ALYTE,ZOWSLEY,,0,0,0,0,0,0,0
"Potash Corp. of Saskatchewan",Saskatoon,SK,PRAIRIES,JBELANGER,ZOWSLEY,"4. BRANCH ACCOUNT",0,0,0,0,0,0,0
"Powell Canada, Inc.",Acheson,AB,ALBERTA,ALYTE,ZOWSLEY,"2. TARGET (OUTSIDE)",0,5632.02,24008.4,30510.52,10711.14,14172.416,30000
"Power Systems Plus Inc.",Edmonton,AB,ALBERTA,ALYTE,ZOWSLEY,"ZZ TOP-100 (INSIDE)",0,0,0,0,0,0,0
"Power Technologies Ltd.","Grande Prairie",AB,ALBERTA,ALYTE,ZOWSLEY,,0,0,2234.7,390,0,524.94,0
"Powertech Labs Inc.",Surrey,BC,BC,ALYTE,ZOWSLEY,"TOP 50 - ZOWSLEY",0,22373.67,9152.24,10627.04,5081.13,9446.816,20000
"Praxair Canada Inc.",Gibbons,AB,ALBERTA,ALYTE,ZOWSLEY,,0,0,0,3536.88,206.55,748.686,0
"Precise Downhole Services Ltd.",Nisku,AB,ALBERTA,ALYTE,ZOWSLEY,"2. TARGET (OUTSIDE)",0,0,0,0,0,0,0
"Price Industries Limited",Winnipeg,MB,PRAIRIES,JBELANGER,ZOWSLEY,"2. TARGET (OUTSIDE)",0,964.13,39303.4,8321,611,9839.906,0
"Prime Engineering Ltd.",Victoria,BC,BC,ALYTE,ZOWSLEY,"TOP 50 - ZOWSLEY",5186.43,54174.65,41202.81,32476.55,26839.49,31975.986,55000
"Prime Mover Controls",Burnaby,BC,BC,ALYTE,ZOWSLEY,"TOP 50 - ZOWSLEY",0,35642.5,879.54,9241.17,12307.05,11614.052,20000
"Procon Systems (2013) Inc.",Edmonton,AB,ALBERTA,ALYTE,ZOWSLEY,,0,995.68,890.4,874.5,7727.4,2097.596,0
"Progressive Rubber Industries Inc.",Kamloops,BC,BC,ALYTE,ZOWSLEY,"TOP 50 - ZOWSLEY",0,41796.44,0,0,0,8359.288,45000
"PTI Transformers Inc.",Regina,SK,PRAIRIES,JBELANGER,ZOWSLEY,"3. GOOD PROSPECT",0,2484.35,0,4094.18,2576.19,1830.944,5000
"Public Works Esquimalt Graving",Victoria,BC,BC,ALYTE,ZOWSLEY,"2. TARGET (INSIDE)",0,0,0,0,3895.33,779.066,0
"Pulse Engineering Ltd.",Winnipeg,MB,PRAIRIES,JBELANGER,ZOWSLEY,"5. QUALIFIED LOW",0,0,0,0,0,0,0
"Purcee Industrial Power Ltd. H/O",Okotoks,AB,ALBERTA,ALYTE,ZOWSLEY,,0,0,66.41,119.74,0,37.23,0
"PureHM Inc.",Nisku,AB,ALBERTA,ALYTE,ZOWSLEY,,0,0,1848,0,0,369.6,0
"Pyramid Corporation                (H/O)",Nisku,AB,ALBERTA,ALYTE,ZOWSLEY,,0,0,0,0,0,0,0
"QAI Laboratories",Burnaby,BC,BC,ALYTE,ZOWSLEY,"3. GOOD PROSPECT",0,15324,0,0,0,3064.8,0
"Quadlogic Meters Canada Inc.","Port Coquitlam",BC,BC,ALYTE,ZOWSLEY,"TOP 50 - ZOWSLEY",905.46,36138.13,77203.76,15030.62,17109.75,29277.544,50000
"Quiver Power Inc","North Vancouver",BC,BC,ALYTE,ZOWSLEY,,0,0,0,0,0,0,0
"R Stahl Ltd.",Edmonton,AB,ALBERTA,ALYTE,ZOWSLEY,"5. UNQUALIFIED",0,0,0,0,0,0,0
"Radial Engineering Ltd.","Port Coquitlam",BC,BC,ALYTE,ZOWSLEY,,0,0,0,0,2833,566.6,0
"Ranglar Manufacturing Inc.",Calgary,AB,ALBERTA,ALYTE,ZOWSLEY,"2. TARGET (OUTSIDE)",0,1810.35,1481.31,1472.31,6383.59,2229.512,0
"Rawlco Radio",Saskatoon,SK,PRAIRIES,JBELANGER,ZOWSLEY,,0,0,0,0,0,0,0
"Raytheon Canada Ltd.",Calgary,AB,ALBERTA,ALYTE,ZOWSLEY,"ZZ D FAIR PROSPECT",0,0,0,0,0,0,0
"Redlen Technologies Inc.",Saanichton,BC,BC,ALYTE,ZOWSLEY,,0,0,0,0,0,0,0
"Remote Wireline",Morinville,AB,ALBERTA,ALYTE,ZOWSLEY,"3. GOOD PROSPECT",0,2332.4,0,0,0,466.48,0
"Reservoir Group",Calgary,AB,ALBERTA,ALYTE,ZOWSLEY,,0,0,0,0,2430,486,0
"REV Engineering Ltd.",Calgary,AB,ALBERTA,ALYTE,ZOWSLEY,"TOP 50 - ZOWSLEY",78405.21,136498.89,124829.72,140245.69,93588.65,114713.632,135000
"RIC Electronics Ltd.",Burnaby,BC,BC,ALYTE,ZOWSLEY,"TOP 50 - ZOWSLEY",0,16033.91,21490.35,18135.93,22150.68,15562.174,20000
"RIC Power Corporation",Burnaby,BC,BC,ALYTE,ZOWSLEY,"2. TARGET (OUTSIDE)",0,0,1431.7,18803.67,70687.33,18184.54,20000
"Rigid Oilfield Services Ltd.",Leduc,AB,ALBERTA,ALYTE,ZOWSLEY,"3. GOOD PROSPECT",0,0,9170,13321.25,0,4498.25,0
"Rocky Mountain Embedded Design Inc.",Calgary,AB,ALBERTA,ALYTE,ZOWSLEY,,0,16166,888,0,0,3410.8,0
"Rodan Energy Solutions Corp.",Calgary,AB,ALBERTA,ALYTE,ZOWSLEY,"2. TARGET (INSIDE)",0,1131.42,0,687.27,381.12,439.962,0
"Rokstad Power Corporation",Coquitlam,BC,BC,ALYTE,ZOWSLEY,,0,0,0,0,0,0,0
"Ronera Trucking Ltd.",Lashburn,SK,PRAIRIES,JBELANGER,ZOWSLEY,"3. GOOD PROSPECT",0,0,0,0,0,0,0
"S2G BioChem Inc.",Vancouver,BC,BC,ALYTE,ZOWSLEY,,0,0,0,0,0,0,0
"Sabre Ltd. (H/O)",Calgary,AB,ALBERTA,ALYTE,ZOWSLEY,"TOP 50 - ZOWSLEY",0,167377.75,103405.27,0,0,54156.604,150000
SAIT,Calgary,AB,ALBERTA,ALYTE,ZOWSLEY,"2. TARGET (OUTSIDE)",0,0,8405.46,2772.22,3427.79,2921.094,0
"Sanctuary AI",Vancouver,BC,BC,ALYTE,ZOWSLEY,,0,12799.35,0,0,0,2559.87,0
"Sandvik Canada Inc                (H/O)",Winnipeg,MB,PRAIRIES,JBELANGER,ZOWSLEY,"3. GOOD PROSPECT",0,0,0,0,0,0,7000
"Sask Power",Estevan,SK,PRAIRIES,JBELANGER,ZOWSLEY,"ZZ$EXISTING ACCOUNT$",0,0,0,0,0,0,0
"Sask Power                         (H/O)",Regina,SK,PRAIRIES,JBELANGER,ZOWSLEY,"3. GOOD PROSPECT",0,0,0,0,0,0,0
"Sask Tel",Regina,SK,PRAIRIES,JBELANGER,ZOWSLEY,"6. NEW PROSPECT",0,0,0,0,0,0,0
"Saskatchewan Polytechnic",Saskatoon,SK,PRAIRIES,JBELANGER,ZOWSLEY,"4. BRANCH ACCOUNT",0,0,0,0,0,0,0
"Saskatchewan Polytechnic Moose Jaw Campus","Moose Jaw",SK,PRAIRIES,JBELANGER,ZOWSLEY,"2. TARGET (OUTSIDE)",0,0,0,0,3792,758.4,0
"Saskatchewan Polytechnic Saskatoon Campus",Saskatoon,SK,PRAIRIES,JBELANGER,ZOWSLEY,"2. TARGET (OUTSIDE)",0,0,0,0,0,0,0
"Saskatchewan Research Council",Regina,SK,PRAIRIES,JBELANGER,ZOWSLEY,"4. BRANCH ACCOUNT",0,0,0,2766,665.55,686.31,0
"Saskatchewan Research Council (H/O)",Saskatoon,SK,PRAIRIES,JBELANGER,ZOWSLEY,"3. GOOD PROSPECT",0,0,0,0,0,0,0
"Schepp Industries Ltd.",Airdrie,AB,ALBERTA,ALYTE,ZOWSLEY,,0,0,0,7898.8,0,1579.76,0
Schlumberger,Edmonton,AB,ALBERTA,ALYTE,ZOWSLEY,"ZZ TOP-100 (INSIDE)",0,0,0,0,0,0,0
"Schlumberger Canada Ltd.",Edmonton,AB,ALBERTA,ALYTE,ZOWSLEY,"4. BRANCH ACCOUNT",0,0,0,0,0,0,0
"Schlumberger Canada Ltd.",Nisku,AB,ALBERTA,ALYTE,ZOWSLEY,,0,0,0,0,27000,5400,30000
"Schneider Electric Canada",Saanichton,BC,BC,ALYTE,ZOWSLEY,"2. TARGET (INSIDE)",0,0,0,0,0,0,0
"Schneider Electric Canada Inc.",Richmond,BC,BC,ALYTE,ZOWSLEY,,361.17,994.44,6121.64,5394.18,14463.78,5467.042,0
"Schneider Electric Canada Inc.",Saanichton,BC,BC,ALYTE,ZOWSLEY,"3. GOOD PROSPECT",23814,0,0,185.43,217.68,4843.422,35000
"Schneider Electric Canada Inc.",Edmonton,AB,ALBERTA,ALYTE,ZOWSLEY,"TOP 50 - ZOWSLEY",0,4681.95,10934,8809.7,2601.48,5405.426,10000
"Schneider Electric Solar Inc.",Richmond,BC,BC,ALYTE,ZOWSLEY,"TOP 50 - ZOWSLEY",0,41427.39,1607.94,0,0,8607.066,20000
"SCR Electric Ltd.","Port Coquitlam",BC,BC,ALYTE,ZOWSLEY,"ZZ TOP-100 (INSIDE)",0,0,0,0,0,0,0
"Seaspan Victoria Shipyards Co. Ltd.",Victoria,BC,BC,ALYTE,ZOWSLEY,,0,0,0,0,1880,376,0
"SemCAMS Group Corp.","Fox Creek",AB,ALBERTA,ALYTE,ZOWSLEY,"3. GOOD PROSPECT",0,0,0,0,0,0,0
"Senso Lighting Inc.",Calgary,AB,ALBERTA,ALYTE,ZOWSLEY,,0,1728.72,0,0,0,345.744,0
"Service Electric Ltd.",Quesnel,BC,BC,ALYTE,ZOWSLEY,"6. NEW PROSPECT",0,0,0,0,0,0,0
"Shaw Communications Inc.",Calgary,AB,ALBERTA,ALYTE,ZOWSLEY,,0,0,0,0,0,0,0
"Shearwater Research Inc.",Richmond,BC,BC,ALYTE,ZOWSLEY,,0,2607,4708,0,0,1463,0
"Shell Canada Ltd.",Calgary,AB,ALBERTA,ALYTE,ZOWSLEY,"3. GOOD PROSPECT",0,0,0,0,0,0,0
"Shermco Industries","RM of Sherwood",SK,PRAIRIES,JBELANGER,ZOWSLEY,"3. GOOD PROSPECT",0,0,0,14121.39,923.13,3008.904,0
"Shermco Industries",Winnipeg,MB,PRAIRIES,JBELANGER,ZOWSLEY,"6. NEW PROSPECT",0,0,0,0,0,0,0
"Shift Clean Solutions Ltd",Vancouver,BC,BC,ALYTE,ZOWSLEY,,0,22613.8,0,0,0,4522.76,0
"Siemens Canada Limited",Regina,SK,PRAIRIES,JBELANGER,ZOWSLEY,COMPETITION,0,0,0,0,0,0,0
"Sierra Wireless Inc.",Richmond,BC,BC,ALYTE,ZOWSLEY,"3. GOOD PROSPECT",0,0,0,0,0,0,0
"Signify Canada Ltd.",Langley,BC,BC,ALYTE,ZOWSLEY,"2. TARGET (OUTSIDE)",0,17003,0,29070,0,9214.6,0
"Silhouette Enclosures Ltd.",Abbotsford,BC,BC,ALYTE,ZOWSLEY,,0,0,0,0,1105.55,221.11,0
"Simon Fraser University",Burnaby,BC,BC,ALYTE,ZOWSLEY,"2. TARGET (OUTSIDE)",0,2000,6148.85,1440.42,274.05,1972.664,0
"Simon Fraser University",Surrey,BC,BC,ALYTE,ZOWSLEY,"3. GOOD PROSPECT",0,0,0,0,3371.25,674.25,0
"Simson Maxwell",Calgary,AB,ALBERTA,ALYTE,ZOWSLEY,,0,182.88,219.57,1389.65,870.53,532.526,0
"Simson Maxwell","Prince George",BC,BC,ALYTE,ZOWSLEY,"ZZ D FAIR PROSPECT",0,925.72,177.4,0,0,220.624,0
"Simson Maxwell",Nanaimo,BC,BC,ALYTE,ZOWSLEY,"3. GOOD PROSPECT",0,0,0,0,0,0,0
"Simson Maxwell (H/O)","Port Coquitlam",BC,BC,ALYTE,ZOWSLEY,"TOP 50 - ZOWSLEY",795.24,9210.21,4199.16,7036.28,9745.85,6328.556,10000
"Sirius Instrumentation and Controls Inc.",Edmonton,AB,ALBERTA,ALYTE,ZOWSLEY,,0,0,0,477,0,95.4,0
"Smart Power Systems",Estevan,SK,PRAIRIES,JBELANGER,ZOWSLEY,,0,0,0,0,0,0,0
"SMART Technologies ULC",Calgary,AB,ALBERTA,ALYTE,ZOWSLEY,"6. NEW PROSPECT",0,0,3961,0,0,792.2,0
"SMG Oilfield Services Ltd.",Kindersley,SK,PRAIRIES,JBELANGER,ZOWSLEY,,0,0,0,0,0,0,0
"Smit Marine Canada Inc.",Vancouver,BC,BC,ALYTE,ZOWSLEY,"6. NEW PROSPECT",0,0,0,0,0,0,0
"SMPC Technologies",Burnaby,BC,BC,ALYTE,ZOWSLEY,,0,7671,0,0,0,1534.2,0
"Softac Systems Ltd.",Chilliwack,BC,BC,ALYTE,ZOWSLEY,"ZZ TOP-100 (INSIDE)",0,712.68,1802.82,1001.31,396.8,782.722,0
"Solution Control Systems Inc.",Edmonton,AB,ALBERTA,ALYTE,ZOWSLEY,"TOP 50 - ZOWSLEY",0,26537.36,28124.32,0,0,10932.336,25000
"Sonictek Electronics Inc.",Richmond,BC,BC,ALYTE,ZOWSLEY,,0,20641.68,0,0,0,4128.336,0
"Soul Oilfield Services",Nisku,AB,ALBERTA,ALYTE,ZOWSLEY,,0,0,0,0,0,0,0
"Spark Power Corporation",Okotoks,AB,ALBERTA,ALYTE,ZOWSLEY,"3. GOOD PROSPECT",0,0,0,0,0,0,0
"Spartan Controls Ltd.",Edmonton,AB,ALBERTA,ALYTE,ZOWSLEY,"3. GOOD PROSPECT",0,0,0,0,0,0,0
"Spartan Controls Ltd.",Calgary,AB,ALBERTA,ALYTE,ZOWSLEY,,0,20339.34,0,0,0,4067.868,0
"Spartan Controls Ltd.     (H/O)",Calgary,AB,ALBERTA,ALYTE,ZOWSLEY,"TOP 50 - ZOWSLEY",0,675.84,3194.65,364.68,10923.95,3031.824,15000
"Specific Mechanical Systems Ltd.",Saanichton,BC,BC,ALYTE,ZOWSLEY,"TOP 50 - ZOWSLEY",0,8809,13704,6607,8002.8,7424.56,10000
"SprayTest Controls Inc.",Beechy,SK,PRAIRIES,JBELANGER,ZOWSLEY,"5. QUALIFIED LOW",0,0,0,290.08,0,58.016,0
"Standard Aero Ltd.                 (H/O)",Winnipeg,MB,PRAIRIES,JBELANGER,ZOWSLEY,"ZZ A $KEY ACCOUNT$",0,0,0,0,0,0,0
"StarFish Medical",Victoria,BC,BC,ALYTE,ZOWSLEY,,0,880.74,612,670.48,2278,888.244,0
"Steelhaus Technologies Canada Ltd.",Calgary,AB,ALBERTA,ALYTE,ZOWSLEY,,0,5946.92,3668,0,0,1922.984,0
"Steelhaus Technologies Canada Ltd.","Red Deer",AB,ALBERTA,ALYTE,ZOWSLEY,,1799.2,5490.3,2727.2,2049.6,0,2413.26,0
"Stellar Solutions","Sherwood Park",AB,ALBERTA,ALYTE,ZOWSLEY,,0,0,1299,0,0,259.8,0
"Stewart & Stevenson Canada Inc.    (H/O)",Calgary,AB,ALBERTA,ALYTE,ZOWSLEY,"5. UNQUALIFIED",0,0,0,0,0,0,0
"Stimline Inc.",Calgary,AB,ALBERTA,ALYTE,ZOWSLEY,,0,0,0,0,0,0,0
"Stockdales Electric Motor Corporation",Regina,SK,PRAIRIES,JBELANGER,ZOWSLEY,"TOP 50 - ZOWSLEY",1064.69,305436.57,375854.34,177690.36,302628.43,232534.878,340000
"Strad Oilfield Rentals Ltd.",Nisku,AB,ALBERTA,ALYTE,ZOWSLEY,"3. GOOD PROSPECT",0,0,0,0,0,0,9000
"Stream Flo Industries Ltd.",Edmonton,AB,ALBERTA,ALYTE,ZOWSLEY,"TOP 50 - ZOWSLEY",0,34944,8855,4950,6176.25,10985.05,25000
"Strike Group",Whitecourt,AB,ALBERTA,ALYTE,ZOWSLEY,,0,924.56,0,0,21689.1,4522.732,0
"Strike Group  (H/O)",Calgary,AB,ALBERTA,ALYTE,ZOWSLEY,,0,2773.68,2675.12,3460.75,7357.5,3253.41,10000
"Struthers Technical Solutions Ltd. H/O",Penticton,BC,BC,ALYTE,ZOWSLEY,"3. GOOD PROSPECT",0,1561.3,1312.72,4612.47,7347.75,2966.848,0
"Suncor Energy Inc","Tar Island",AB,ALBERTA,ALYTE,ZOWSLEY,"ZZ TOP-100 (INSIDE)",0,0,0,0,0,0,0
"Surepoint Technologies Group Inc.","Grande Prairie",AB,ALBERTA,ALYTE,ZOWSLEY,"3. GOOD PROSPECT",0,0,0,0,0,0,0
"Surepoint Technologies Group Inc.",Nisku,AB,ALBERTA,ALYTE,ZOWSLEY,,0,0,0,0,0,0,0
"Swift Oilfield Supply Incorporated",Athabasca,AB,ALBERTA,ALYTE,ZOWSLEY,,0,0,2268,0,0,453.6,0
"Swift Oilfield Supply Incorporated",Lloydminster,AB,ALBERTA,ALYTE,ZOWSLEY,,0,0,7226.94,0,0,1445.388,0
"Syncrude Canada Ltd.               (H/O)","Fort McMurray",AB,ALBERTA,ALYTE,ZOWSLEY,"ZZ TOP-100 (INSIDE)",0,899.08,0,0,0,179.816,0
"Synergy Engineering Ltd.",Coquitlam,BC,BC,ALYTE,ZOWSLEY,"2. TARGET (OUTSIDE)",0,5245.32,5405.85,35197.1,90546.9,27279.034,35000
"Synovus Solutions Inc.",Vancouver,BC,BC,ALYTE,ZOWSLEY,,0,0,0,0,1235,247,0
"Tamarack Industries",Winnipeg,MB,PRAIRIES,JBELANGER,ZOWSLEY,"2. TARGET (INSIDE)",0,0,0,248,1785.6,406.72,0
"Tazmech Ltd.",Edmonton,AB,ALBERTA,ALYTE,ZOWSLEY,,0,0,0,0,0,0,0
"TC Energy Corporation",Airdrie,AB,ALBERTA,ALYTE,ZOWSLEY,,0,3232.32,1701,952,0,1177.064,0
"TD Micronic Inc.",Surrey,BC,BC,ALYTE,ZOWSLEY,"2. TARGET (OUTSIDE)",0,0,1894.2,1432.2,4173.6,1500,3000
"Team Power Solutions",Saskatoon,SK,PRAIRIES,JBELANGER,ZOWSLEY,"TOP 50 - ZOWSLEY",0,182768.97,167785.73,53306.98,53330.35,91438.406,175000
"Techtree Engineering Ltd.",Lloydminster,AB,ALBERTA,ALYTE,ZOWSLEY,,0,382.2,1273.72,0,0,331.184,0
"Teck Metals Ltd.",Trail,BC,BC,ALYTE,ZOWSLEY,"5. QUALIFIED LOW",0,0,0,0,0,0,0
"Telus - Field Service (Vegreville)",Vegreville,AB,ALBERTA,ALYTE,ZOWSLEY,,0,0,0,0,0,0,0
"TELUS Communications Inc.",Kelowna,BC,BC,ALYTE,ZOWSLEY,,0,7140,0,4495.4,0,2327.08,0
"Telus Communications Inc. (H/O)",Edmonton,AB,ALBERTA,ALYTE,ZOWSLEY,,0,825.64,877.8,0,0,340.688,0
"Terramera Inc.",Vancouver,BC,BC,ALYTE,ZOWSLEY,,0,0,0,0,0,0,0
"Terrapin Geothermics",Edmonton,AB,ALBERTA,ALYTE,ZOWSLEY,,0,0,0,0,0,0,0
"Territorial Electric Ltd.",Edmonton,AB,ALBERTA,ALYTE,ZOWSLEY,"6. NEW PROSPECT",0,0,0,0,0,0,0
"TesTneT Canada Inc.",Langley,BC,BC,ALYTE,ZOWSLEY,"2. TARGET (OUTSIDE)",0,1646.4,0,1480,0,625.28,0
"TGOOD North America Inc.",Penticton,BC,BC,ALYTE,ZOWSLEY,,0,0,0,0,0,0,0
"The State Group",Calgary,AB,ALBERTA,ALYTE,ZOWSLEY,,0,0,0,0,0,0,0
"Thermon Heating Systems",Edmonton,AB,ALBERTA,ALYTE,ZOWSLEY,"2. TARGET (OUTSIDE)",0,119401.8,4355.4,9200.75,31322.88,32856.166,0
"Thomson Power Systems",Langley,BC,BC,ALYTE,ZOWSLEY,"TOP 50 - ZOWSLEY",435987.12,723309.47,585831.63,503651.83,404540.3,530664.07,650000
"Toyo Pumps",Coquitlam,BC,BC,ALYTE,ZOWSLEY,,0,17948,0,0,2211,4031.8,0
"TransAlta Corporation",Calgary,AB,ALBERTA,ALYTE,ZOWSLEY,,0,0,0,0,0,0,0
"TransCanada Pipelines","Grand Prairie",AB,ALBERTA,ALYTE,ZOWSLEY,,0,0,0,0,0,0,0
"Triad Power Ltd.",Saskatoon,SK,PRAIRIES,JBELANGER,ZOWSLEY,"2. TARGET (INSIDE)",0,0,0,0,0,0,0
"Trican Well Service",Nisku,AB,ALBERTA,ALYTE,ZOWSLEY,"3. GOOD PROSPECT",0,0,0,0,0,0,7000
"Triple A Electric","Red Deer",AB,ALBERTA,ALYTE,ZOWSLEY,,0,0,0,0,318.6,63.72,0
TRIUMF,Vancouver,BC,BC,ALYTE,ZOWSLEY,"2. TARGET (OUTSIDE)",0,930,0,19738.5,7415.64,5616.828,0
"Tundra Petroleum Services Ltd.","Red Deer County",AB,ALBERTA,ALYTE,ZOWSLEY,,0,6625.9,0,0,0,1325.18,0
"Underwriters Laboratories of Canada",Richmond,BC,BC,ALYTE,ZOWSLEY,"3. GOOD PROSPECT",0,0,0,0,79.36,15.872,0
"Underwriters Laboratories of Canada Inc.",Edmonton,AB,ALBERTA,ALYTE,ZOWSLEY,"2. TARGET (OUTSIDE)",0,0,0,1455.04,0,291.008,0
"Unit Electrical Engineering Ltd.","Okanagan Falls",BC,BC,ALYTE,ZOWSLEY,"TOP 50 - ZOWSLEY",10341.74,173132.19,254262.84,88006.16,91164.88,123381.562,215000
"University of Alberta",Edmonton,AB,ALBERTA,ALYTE,ZOWSLEY,,0,1600,3769,0,0,1073.8,0
"University Of Alberta",Edmoton,AB,ALBERTA,ALYTE,ZOWSLEY,,0,0,0,0,0,0,0
"University of Alberta",Edmonton,AB,ALBERTA,ALYTE,ZOWSLEY,,0,1500.96,904.68,38761.54,844,8402.236,0
"University of British Columbia",Vancouver,BC,BC,ALYTE,ZOWSLEY,"2. TARGET (OUTSIDE)",0,3298,2624.6,321,614.9,1371.7,0
"University of British Columbia",Vancouver,BC,BC,ALYTE,ZOWSLEY,"ZZ$EXISTING ACCOUNT$",140,0,0,0,0,28,0
"University of British Columbia",Vancouver,BC,BC,ALYTE,ZOWSLEY,"ZZ$EXISTING ACCOUNT$",0,0,0,785.1,0,157.02,0
"University of British Columbia",Vancouver,BC,BC,ALYTE,ZOWSLEY,,0,1626.8,0,0,230.55,371.47,0
"University of British Columbia",Vancouver,BC,BC,ALYTE,ZOWSLEY,"3. GOOD PROSPECT",0,0,1265.8,1804,3946.4,1403.24,0
"University of British Columbia",Kelowna,BC,BC,ALYTE,ZOWSLEY,,0,2163.34,0,0,0,432.668,0
"University of British Columbia",Vancouver,BC,BC,ALYTE,ZOWSLEY,"ZZ$EXISTING ACCOUNT$",0,1082,51442.43,0,0,10504.886,0
"University of British Columbia",Vancouver,BC,BC,ALYTE,ZOWSLEY,,0,18156.13,0,0,0,3631.226,0
"University of British Columbia",Vancouver,BC,BC,ALYTE,ZOWSLEY,"6. NEW PROSPECT",0,0,2095,639,0,546.8,0
"University of British Columbia",Vancouver,BC,BC,ALYTE,ZOWSLEY,"ZZ$EXISTING ACCOUNT$",0,0,660.18,1212,0,374.436,0
"University of British Columbia",Kelowna,BC,BC,ALYTE,ZOWSLEY,,0,0,0,0,2287,457.4,0
"University of Calgary",Calgary,AB,ALBERTA,ALYTE,ZOWSLEY,"2. TARGET (OUTSIDE)",0,1065.53,346,0,2480,778.306,0
"University of Manitoba",Winnipeg,MB,PRAIRIES,JBELANGER,ZOWSLEY,"2. TARGET (OUTSIDE)",0,777,0,0,0,155.4,0
"University of Manitoba",Winnipeg,MB,PRAIRIES,JBELANGER,ZOWSLEY,,0,5857,6402.84,0,5042.29,3460.426,0
"University of Manitoba",Winnipeg,MB,PRAIRIES,JBELANGER,ZOWSLEY,,0,0,0,0,0,0,0
"University of Northern British Columbia","Prince George",BC,BC,ALYTE,ZOWSLEY,"5. QUALIFIED LOW",0,0,3137.85,0,1289,885.37,0
"University of Regina",Regina,SK,PRAIRIES,JBELANGER,ZOWSLEY,"6. NEW PROSPECT",0,0,0,0,270,54,0
"University of Saskatchewan",Saskatoon,SK,PRAIRIES,JBELANGER,ZOWSLEY,"ZZ D FAIR PROSPECT",0,0,0,0,0,0,0
"University of Saskatchewan",Saskatoon,SK,PRAIRIES,JBELANGER,ZOWSLEY,"2. TARGET (OUTSIDE)",0,0,217,0,0,43.4,0
"University of the Fraser Valley",Abbotsford,BC,BC,ALYTE,ZOWSLEY,,0,0,0,0,0,0,0
"University of Victoria",Victoria,BC,BC,ALYTE,ZOWSLEY,,0,0,0,2865.14,7093,1991.628,0
"University of Victoria",Victoria,BC,BC,ALYTE,ZOWSLEY,"6. NEW PROSPECT",0,0,0,641,7061.16,1540.432,0
"Vancouver Career College",Burnaby,BC,BC,ALYTE,ZOWSLEY,,0,0,0,0,2948.4,589.68,0
"Vancouver Coastal Health",Burnaby,BC,BC,ALYTE,ZOWSLEY,"3. GOOD PROSPECT",0,0,0,0,0,0,0
"Vantera Incorporated (IPLC)",Elie,MB,PRAIRIES,JBELANGER,ZOWSLEY,,0,0,0,0,0,0,0
"Vertex Downhole",Calgary,AB,ALBERTA,ALYTE,ZOWSLEY,,0,0,0,0,25704,5140.8,0
"VMAC Global Technology Inc.",Nanaimo,BC,BC,ALYTE,ZOWSLEY,"2. TARGET (OUTSIDE)",0,0,15580,4470,0,4010,15000
"Wajax Power Systems",Calgary,AB,ALBERTA,ALYTE,ZOWSLEY,"3. GOOD PROSPECT",0,6260.9,0,0,0,1252.18,0
"Wave Control Systems Ltd.",Edmonton,AB,ALBERTA,ALYTE,ZOWSLEY,"3. GOOD PROSPECT",0,0,0,0,2188.91,437.782,0
"Wavefront Technology Solutions Inc.",Edmonton,AB,ALBERTA,ALYTE,ZOWSLEY,,0,0,0,0,0,0,10000
"West Coast Electric Ltd.",Richmond,BC,BC,ALYTE,ZOWSLEY,"3. GOOD PROSPECT",0,0,173.44,293.4,2924.48,678.264,0
"Western Pacific Enterprises Ltd.",Coquitlam,BC,BC,ALYTE,ZOWSLEY,,0,0,1275.63,0,0,255.126,0
"Western Robotics Ltd.",Surrey,BC,BC,ALYTE,ZOWSLEY,,0,0,0,0,0,0,0
"Westgen Technologies",Calgary,AB,ALBERTA,ALYTE,ZOWSLEY,"2. TARGET (OUTSIDE)",0,12470,0,0,0,2494,0
"Westpine MDF",Quesnel,BC,BC,ALYTE,ZOWSLEY,,0,0,0,0,344.94,68.988,0
"Westport Fuel Systems Canada Inc.",Vancouver,BC,BC,ALYTE,ZOWSLEY,"ZZ$EXISTING ACCOUNT$",0,4031.46,2889.6,0,1378.36,1659.884,0
"Westquip Diesel Sales (Alta.) Ltd.",Acheson,AB,ALBERTA,ALYTE,ZOWSLEY,,0,0,0,804.26,8590.64,1878.98,0
"WIKA Instruments Ltd.",Edmonton,AB,ALBERTA,ALYTE,ZOWSLEY,"TOP 50 - ZOWSLEY",0,25668.26,7930.4,18595.47,26929.47,15824.72,20000
"Willett Manufacturing (2010) Ltd.",Estevan,SK,PRAIRIES,JBELANGER,ZOWSLEY,"2. TARGET (INSIDE)",0,6383.5,8562.82,3791.4,5257.75,4799.094,0
"Xantrex Technology Inc.",Burnaby,BC,BC,ALYTE,ZOWSLEY,"2. TARGET (OUTSIDE)",0,0,1187,0,11508,2539,0
"Yaskawa Wermac",Calgary,AB,ALBERTA,ALYTE,ZOWSLEY,,0,0,0,0,0,0,8000
"Zaber Technologies Inc.",Vancouver,BC,BC,ALYTE,ZOWSLEY,"2. TARGET (INSIDE)",0,0,0,0,902,180.4,0
"Zinc8 Energy Solutions",Vancouver,BC,BC,ALYTE,ZOWSLEY,"TOP 50 - ZOWSLEY",0,22313,16668.18,1557.5,0,8107.736,15000
